ExpCode,Condition,n colonies [ES phenotye],n colonies [partial differentiation phenotye],n colonies [full differentiation phenotye],Total number of colonies, % [ES phenotye],% [partial differentiation phenotye],% [full differentiation phenotye],Morphology Value [((C + D*2 + E*3)/F)-1],Averaged values,Corresponding Images,Randomization code
E116,330+Pro+DMSO,7,8,4,19,36.8,42.1,21.1,0.8421,0.6529,E116_D6_330+Pro+DMSO_10x_1.jpg,0000007_49.jpg
E116,330+Pro+DMSO,16,4,3,23,69.6,17.4,13.0,0.4348,,E116_D6_330+Pro+DMSO_10x_2.jpg,0000248_50.jpg
E116,330+Pro+DMSO,7,15,0,22,31.8,68.2,0.0,0.6818,,E116_D6_330+Pro+DMSO_10x_3.jpg,0000387_51.jpg
E133,330+Pro+DMSO,1,9,5,15,6.7,60.0,33.3,1.2667,1.1639,E133_D3P37_D6_Cont_330+Pro+DMSO_10x_1.tif,000142_157.tif
E133,330+Pro+DMSO,3,12,5,20,15.0,60.0,25.0,1.1000,,E133_D3P37_D6_Cont_330+Pro+DMSO_10x_2.tif,000405_158.tif
E133,330+Pro+DMSO,3,8,5,16,18.8,50.0,31.3,1.1250,,E133_D3P37_D6_Cont_330+Pro+DMSO_10x_3.tif,000146_159.tif
E136,330+Pro+DMSO,0,20,2,22,0.0,90.9,9.1,1.0909,1.0121,E136_D6_Cont_330+Pro+DMSO_10x_1.tif,000211_241.tif
E136,330+Pro+DMSO,6,10,4,20,30.0,50.0,20.0,0.9000,,E136_D6_Cont_330+Pro+DMSO_10x_2.tif,000011_242.tif
E136,330+Pro+DMSO,6,9,7,22,27.3,40.9,31.8,1.0455,,E136_D6_Cont_330+Pro+DMSO_10x_3.tif,000286_243.tif
E140,330+Pro+DMSO,0,14,7,21,0.0,66.7,33.3,1.3333,1.4227,E140_D6_Cont_330+Pro+DMSO_19NOV17_10x_1.tif,000247_340.tif
E140,330+Pro+DMSO,1,9,12,22,4.5,40.9,54.5,1.5000,,E140_D6_Cont_330+Pro+DMSO_19NOV17_10x_2.tif,000060_341.tif
E140,330+Pro+DMSO,1,11,11,23,4.3,47.8,47.8,1.4348,,E140_D6_Cont_330+Pro+DMSO_19NOV17_10x_3.tif,000392_342.tif
E142,330+Pro+DMSO,0,5,11,16,0.0,31.3,68.8,1.6875,1.3304,E142_D6_Cont_330+Pro+DMSO_30JAN18_10x_1.tif,000127_425.tif
E142,330+Pro+DMSO,6,9,4,19,31.6,47.4,21.1,0.8947,,E142_D6_Cont_330+Pro+DMSO_30JAN18_10x_2.tif,000317_426.tif
E142,330+Pro+DMSO,1,11,10,22,4.5,50.0,45.5,1.4091,,E142_D6_Cont_330+Pro+DMSO_30JAN18_10x_3.tif,000089_427.tif
E140,L+U+R+P+S,5,14,0,19,26.3,73.7,0.0,0.7368,0.7604,E140_D6_5i_19NOV17_10x_1.tif,000224_328.tif
E140,L+U+R+P+S,5,6,4,15,33.3,40.0,26.7,0.9333,,E140_D6_5i_19NOV17_10x_2.tif,000094_329.tif
E140,L+U+R+P+S,7,11,0,18,38.9,61.1,0.0,0.6111,,E140_D6_5i_19NOV17_10x_3.tif,000130_330.tif
E116,L,0,5,16,21,0.0,23.8,76.2,1.7619,1.3496,E116_D6_1i_LY_10x_1.jpg,00000351_7.jpg
E116,L,5,11,7,23,21.7,47.8,30.4,1.0870,,E116_D6_1i_LY_10x_21.jpg,00000365_8.jpg
E116,L,2,12,6,20,10.0,60.0,30.0,1.2000,,E116_D6_1i_LY_10x_3.jpg,00000169_9.jpg
E133,L,5,7,9,21,23.8,33.3,42.9,1.1905,0.9091,E133_D3P37_D6_1i_LY_10x_1.tif,0000172_85.tif
E133,L,9,6,4,19,47.4,31.6,21.1,0.7368,,E133_D3P37_D6_1i_LY_10x_2.tif,0000194_86.tif
E133,L,7,4,4,15,46.7,26.7,26.7,0.8000,,E133_D3P37_D6_1i_LY_10x_3.tif,0000413_87.tif
E136,L,5,14,5,24,20.8,58.3,20.8,1.0000,1.0779,E136_D6_1i_LY_10x_1.tif,000056_172.tif
E136,L,4,16,8,28,14.3,57.1,28.6,1.1429,,E136_D6_1i_LY_10x_2.tif,000053_173.tif
E136,L,4,12,6,22,18.2,54.5,27.3,1.0909,,E136_D6_1i_LY_10x_3.tif,000066_174.tif
E140,L,0,0,18,18,0.0,0.0,100.0,2.0000,1.9474,E140_D6_1i_LY_19NOV17_10x_1.tif,000062_250.tif
E140,L,0,1,15,16,0.0,6.3,93.8,1.9375,,E140_D6_1i_LY_19NOV17_10x_2.tif,000209_251.tif
E140,L,0,2,19,21,0.0,9.5,90.5,1.9048,,E140_D6_1i_LY_19NOV17_10x_3.tif,000296_252.tif
E142,L,1,4,13,18,5.6,22.2,72.2,1.6667,1.4245,E142_D6_1i_LY_30JAN18_10x_1.tif,000007_352.tif
E142,L,0,12,13,25,0.0,48.0,52.0,1.5200,,E142_D6_1i_LY_30JAN18_10x_2.tif,000412_353.tif
E142,L,3,15,5,23,13.0,65.2,21.7,1.0870,,E142_D6_1i_LY_30JAN18_10x_3.tif,000403_354.tif
E116,L+P,6,4,6,16,37.5,25.0,37.5,1.0000,0.9464,E116_D6_2i_LY+PF_10x_1.jpg,0000098_22.jpg
E116,L+P,7,8,2,17,41.2,47.1,11.8,0.7059,,E116_D6_2i_LY+PF_10x_2.jpg,0000246_23.jpg
E116,L+P,2,9,4,15,13.3,60.0,26.7,1.1333,,E116_D6_2i_LY+PF_10x_3.jpg,0000036_24.jpg
E133,L+P,7,3,0,10,70.0,30.0,0.0,0.3000,0.8037,E133_D3P37_D6_2i_L+P_10x_1.tif,000387_100.tif
E133,L+P,0,2,1,3,0.0,66.7,33.3,1.3333,,E133_D3P37_D6_2i_L+P_10x_2.tif,000019_101.tif
E133,L+P,3,5,1,9,33.3,55.6,11.1,0.7778,,E133_D3P37_D6_2i_L+P_10x_3.tif,000018_102.tif
E136,L+P,9,7,0,16,56.3,43.8,0.0,0.4375,0.7903,E136_D6_2i_L+P_10x_1.tif,000367_184.tif
E136,L+P,2,12,1,15,13.3,80.0,6.7,0.9333,,E136_D6_2i_L+P_10x_2.tif,000215_185.tif
E136,L+P,2,8,2,12,16.7,66.7,16.7,1.0000,,E136_D6_2i_L+P_10x_3.tif,000271_186.tif
E140,L+P,2,13,3,18,11.1,72.2,16.7,1.0556,1.2349,E140_D6_2i_L+P_19NOV17_10x_1.tif,000289_265.tif
E140,L+P,2,9,8,19,10.5,47.4,42.1,1.3158,,E140_D6_2i_L+P_19NOV17_10x_2.tif,000300_266.tif
E140,L+P,1,12,8,21,4.8,57.1,38.1,1.3333,,E140_D6_2i_L+P_19NOV17_10x_3.tif,000290_267.tif
E142,L+P,6,9,3,18,33.3,50.0,16.7,0.8333,1.2919,E142_D6_2i_L+P_30JAN18_10x_1.tif,000361_367.tif
E142,L+P,0,4,13,17,0.0,23.5,76.5,1.7647,,E142_D6_2i_L+P_30JAN18_10x_2.tif,000077_368.tif
E142,L+P,0,13,5,18,0.0,72.2,27.8,1.2778,,E142_D6_2i_L+P_30JAN18_10x_3.tif,000344_369.tif
E116,L+P+S,20,10,0,30,66.7,33.3,0.0,0.3333,0.1542,E116_D6_3i_LY+PF+SU_10x_1.jpg,0000371_58.jpg
E116,L+P+S,18,2,0,20,90.0,10.0,0.0,0.1000,,E116_D6_3i_LY+PF+SU_10x_2.jpg,0000019_59.jpg
E116,L+P+S,33,1,0,34,97.1,2.9,0.0,0.0294,,E116_D6_3i_LY+PF+SU_10x_3.jpg,0000284_60.jpg
E133,L+P+S,2,2,0,4,50.0,50.0,0.0,0.5000,0.7190,E133_D3P37_D6_3i_L+P+S_10x_1.tif,000246_124.tif
E133,L+P+S,3,2,2,7,42.9,28.6,28.6,0.8571,,E133_D3P37_D6_3i_L+P+S_10x_2.tif,000342_125.tif
E133,L+P+S,2,8,0,10,20.0,80.0,0.0,0.8000,,E133_D3P37_D6_3i_L+P+S_10x_3.tif,000394_126.tif
E136,L+P+S,9,11,5,25,36.0,44.0,20.0,0.8400,0.7251,E136_D6_3i_L+P+S_10x_1.tif,000410_208.tif
E136,L+P+S,8,16,1,25,32.0,64.0,4.0,0.7200,,E136_D6_3i_L+P+S_10x_2.tif,000287_209.tif
E136,L+P+S,10,16,0,26,38.5,61.5,0.0,0.6154,,E136_D6_3i_L+P+S_10x_3.tif,000405_210.tif
E140,L+P+S,5,21,0,26,19.2,80.8,0.0,0.8077,0.6302,E140_D6_3i_L+P+S_19NOV17_10x_1.tif,000294_295.tif
E140,L+P+S,14,14,1,29,48.3,48.3,3.4,0.5517,,E140_D6_3i_L+P+S_19NOV17_10x_2.tif,000153_296.tif
E140,L+P+S,15,17,0,32,46.9,53.1,0.0,0.5313,,E140_D6_3i_L+P+S_19NOV17_10x_3.tif,000028_297.tif
E142,L+P+S,9,15,0,24,37.5,62.5,0.0,0.6250,0.5031,E142_D6_3i_L+P+S_30JAN18_10x_1.tif,000101_394.tif
E142,L+P+S,15,12,0,27,55.6,44.4,0.0,0.4444,,E142_D6_3i_L+P+S_30JAN18_10x_2.tif,000373_395.tif
E142,L+P+S,14,11,0,25,56.0,44.0,0.0,0.4400,,E142_D6_3i_L+P+S_30JAN18_10x_3.tif,000271_396.tif
E140,L+R,4,29,0,33,12.1,87.9,0.0,0.8788,0.9263,E140_D6_2i_L+R_19NOV17_10x_1.tif,000079_268.tif
E140,L+R,0,29,1,30,0.0,96.7,3.3,1.0333,,E140_D6_2i_L+R_19NOV17_10x_2.tif,000137_269.tif
E140,L+R,4,26,0,30,13.3,86.7,0.0,0.8667,,E140_D6_2i_L+R_19NOV17_10x_3.tif,000215_270.tif
E140,L+R+P,6,27,1,34,17.6,79.4,2.9,0.8529,0.7128,E140_D6_3i_L+R+P_19NOV17_10x_1.tif,000095_298.tif
E140,L+R+P,9,30,0,39,23.1,76.9,0.0,0.7692,,E140_D6_3i_L+R+P_19NOV17_10x_2.tif,000069_299.tif
E140,L+R+P,15,16,0,31,48.4,51.6,0.0,0.5161,,E140_D6_3i_L+R+P_19NOV17_10x_3.tif,000316_300.tif
E140,L+R+S,12,21,0,33,36.4,63.6,0.0,0.6364,0.5334,E140_D6_3i_L+R+S_19NOV17_10x_1.tif,000342_301.tif
E140,L+R+S,17,9,0,26,65.4,34.6,0.0,0.3462,,E140_D6_3i_L+R+S_19NOV17_10x_2.tif,000322_302.tif
E140,L+R+S,13,21,0,34,38.2,61.8,0.0,0.6176,,E140_D6_3i_L+R+S_19NOV17_10x_3.tif,000402_303.tif
E116,L+S,13,6,1,20,65.0,30.0,5.0,0.4000,0.3429,E116_D6_2i_LY+SU_10x_1.jpg,0000089_25.jpg
E116,L+S,12,9,0,21,57.1,42.9,0.0,0.4286,,E116_D6_2i_LY+SU_10x_2.jpg,0000090_26.jpg
E116,L+S,16,4,0,20,80.0,20.0,0.0,0.2000,,E116_D6_2i_LY+SU_10x_3.jpg,0000184_27.jpg
E136,L+S,21,8,0,29,72.4,27.6,0.0,0.2759,0.2991,E136_D6_2i_L+S_10x_1.tif,000258_187.tif
E136,L+S,25,11,0,36,69.4,30.6,0.0,0.3056,,E136_D6_2i_L+S_10x_2.tif,000421_188.tif
E136,L+S,26,12,0,38,68.4,31.6,0.0,0.3158,,E136_D6_2i_L+S_10x_3.tif,000420_189.tif
E140,L+S,15,16,0,31,48.4,51.6,0.0,0.5161,0.5173,E140_D6_2i_L+S_19NOV17_10x_1.tif,000292_271.tif
E140,L+S,13,15,0,28,46.4,53.6,0.0,0.5357,,E140_D6_2i_L+S_19NOV17_10x_2.tif,000357_272.tif
E140,L+S,15,15,0,30,50.0,50.0,0.0,0.5000,,E140_D6_2i_L+S_19NOV17_10x_3.tif,000330_273.tif
E142,L+S,15,8,0,23,65.2,34.8,0.0,0.3478,0.5893,E142_D6_2i_L+S_30JAN18_10x_1.tif,000310_370.tif
E142,L+S,8,16,1,25,32.0,64.0,4.0,0.7200,,E142_D6_2i_L+S_30JAN18_10x_2.tif,000077_371.tif
E142,L+S,6,14,0,20,30.0,70.0,0.0,0.7000,,E142_D6_2i_L+S_30JAN18_10x_3.tif,000056_372.tif
E116,L+U,4,3,4,11,36.4,27.3,36.4,1.0000,0.7722,E116_D6_2i_LY+UO_10x_1.jpg,0000050_28.jpg
E116,L+U,6,5,1,12,50.0,41.7,8.3,0.5833,,E116_D6_2i_LY+UO_10x_2.jpg,0000164_29.jpg
E116,L+U,7,5,3,15,46.7,33.3,20.0,0.7333,,E116_D6_2i_LY+UO_10x_3.jpg,0000405_30.jpg
E133,L+U,11,3,2,16,68.8,18.8,12.5,0.4375,0.3885,E133_D3P37_D6_2i_L+U_10x_1.tif,000218_103.tif
E133,L+U,10,6,0,16,62.5,37.5,0.0,0.3750,,E133_D3P37_D6_2i_L+U_10x_2.tif,000369_104.tif
E133,L+U,11,6,0,17,64.7,35.3,0.0,0.3529,,E133_D3P37_D6_2i_L+U_10x_3.tif,000116_105.tif
E136,L+U,5,15,3,23,21.7,65.2,13.0,0.9130,0.8804,E136_D6_2i_L+U_10x_1.tif,000092_190.tif
E136,L+U,8,12,4,24,33.3,50.0,16.7,0.8333,,E136_D6_2i_L+U_10x_2.tif,000229_191.tif
E136,L+U,5,11,3,19,26.3,57.9,15.8,0.8947,,E136_D6_2i_L+U_10x_3.tif,000022_192.tif
E140,L+U,4,15,7,26,15.4,57.7,26.9,1.1154,1.1391,E140_D6_2i_L+U_19NOV17_10x_1.tif,000396_274.tif
E140,L+U,4,10,8,22,18.2,45.5,36.4,1.1818,,E140_D6_2i_L+U_19NOV17_10x_2.tif,000304_275.tif
E140,L+U,1,20,4,25,4.0,80.0,16.0,1.1200,,E140_D6_2i_L+U_19NOV17_10x_3.tif,000369_276.tif
E142,L+U,4,19,4,27,14.8,70.4,14.8,1.0000,1.1404,E142_D6_2i_L+U_30JAN18_10x_1.tif,000180_373.tif
E142,L+U,5,5,9,19,26.3,26.3,47.4,1.2105,,E142_D6_2i_L+U_30JAN18_10x_2.tif,000048_374.tif
E142,L+U,3,9,7,19,15.8,47.4,36.8,1.2105,,E142_D6_2i_L+U_30JAN18_10x_3.tif,000335_375.tif
E116,L+U+P,7,9,0,16,43.8,56.3,0.0,0.5625,0.4585,E116_D6_3i_LY+UO+PF_10x_1.jpg,0000016_61.jpg
E116,L+U+P,12,7,0,19,63.2,36.8,0.0,0.3684,,E116_D6_3i_LY+UO+PF_10x_2.jpg,0000382_62.jpg
E116,L+U+P,11,6,1,18,61.1,33.3,5.6,0.4444,,E116_D6_3i_LY+UO+PF_10x_3.jpg,0000109_63.jpg
E133,L+U+P,2,3,1,6,33.3,50.0,16.7,0.8333,1.0342,E133_D3P37_D6_3i_L+U+P_10x_1.tif,000024_127.tif
E133,L+U+P,3,10,0,13,23.1,76.9,0.0,0.7692,,E133_D3P37_D6_3i_L+U+P_10x_2.tif,000150_128.tif
E133,L+U+P,0,4,4,8,0.0,50.0,50.0,1.5000,,E133_D3P37_D6_3i_L+U+P_10x_3.tif,000015_129.tif
E136,L+U+P,7,8,2,17,41.2,47.1,11.8,0.7059,0.7890,E136_D6_3i_L+U+P_10x_1.tif,000110_211.tif
E136,L+U+P,6,14,3,23,26.1,60.9,13.0,0.8696,,E136_D6_3i_L+U+P_10x_2.tif,000423_212.tif
E136,L+U+P,7,15,2,24,29.2,62.5,8.3,0.7917,,E136_D6_3i_L+U+P_10x_3.tif,000209_213.tif
E140,L+U+P,6,4,12,22,27.3,18.2,54.5,1.2727,1.0930,E140_D6_3i_L+U+P_19NOV17_10x_1.tif,000011_304.tif
E140,L+U+P,6,16,4,26,23.1,61.5,15.4,0.9231,,E140_D6_3i_L+U+P_19NOV17_10x_2.tif,000158_305.tif
E140,L+U+P,5,12,7,24,20.8,50.0,29.2,1.0833,,E140_D6_3i_L+U+P_19NOV17_10x_3.tif,000124_306.tif
E142,L+U+P,7,7,1,15,46.7,46.7,6.7,0.6000,0.7011,E142_D6_3i_L+U+P_30JAN18_10x_1.tif,000389_397.tif
E142,L+U+P,10,12,1,23,43.5,52.2,4.3,0.6087,,E142_D6_3i_L+U+P_30JAN18_10x_2.tif,000122_398.tif
E142,L+U+P,5,11,3,19,26.3,57.9,15.8,0.8947,,E142_D6_3i_L+U+P_30JAN18_10x_3.tif,000144_399.tif
E116,L+U+P+S,9,7,0,16,56.3,43.8,0.0,0.4375,0.2792,E116_D6_4i_LY+UO+PF+SU_10x_1.jpg,0000333_79.jpg
E116,L+U+P+S,6,4,0,10,60.0,40.0,0.0,0.4000,,E116_D6_4i_LY+UO+PF+SU_10x_2.jpg,0000173_80.jpg
E116,L+U+P+S,10,0,0,10,100.0,0.0,0.0,0.0000,,E116_D6_4i_LY+UO+PF+SU_10x_3.jpg,0000005_81.jpg
E133,L+U+P+S,10,4,0,14,71.4,28.6,0.0,0.2857,0.3550,E133_D3P37_D6_4i_L+U+P+S_10x_1.tif,000121_142.tif
E133,L+U+P+S,9,7,1,17,52.9,41.2,5.9,0.5294,,E133_D3P37_D6_4i_L+U+P+S_10x_2.tif,000019_143.tif
E133,L+U+P+S,12,4,0,16,75.0,25.0,0.0,0.2500,,E133_D3P37_D6_4i_L+U+P+S_10x_3.tif,000342_144.tif
E136,L+U+P+S,3,23,2,28,10.7,82.1,7.1,0.9643,0.8601,E136_D6_4i_L+U+P+S_10x_1.tif,000199_226.tif
E136,L+U+P+S,4,12,2,18,22.2,66.7,11.1,0.8889,,E136_D6_4i_L+U+P+S_10x_2.tif,000200_227.tif
E136,L+U+P+S,7,14,1,22,31.8,63.6,4.5,0.7273,,E136_D6_4i_L+U+P+S_10x_3.tif,000192_228.tif
E140,L+U+P+S,12,12,0,24,50.0,50.0,0.0,0.5000,0.4320,E140_D6_4i_L+U+P+S_19NOV17_10x_1.tif,000061_322.tif
E140,L+U+P+S,22,8,0,30,73.3,26.7,0.0,0.2667,,E140_D6_4i_L+U+P+S_19NOV17_10x_2.tif,000397_323.tif
E140,L+U+P+S,16,18,0,34,47.1,52.9,0.0,0.5294,,E140_D6_4i_L+U+P+S_19NOV17_10x_3.tif,000389_324.tif
E116,L+U+S,7,5,0,12,58.3,41.7,0.0,0.4167,0.3241,E116_D6_3i_LY+UO+SU_10x_1.jpg,0000427_64.jpg
E116,L+U+S,14,4,0,18,77.8,22.2,0.0,0.2222,,E116_D6_3i_LY+UO+SU_10x_2.jpg,0000193_65.jpg
E116,L+U+S,16,8,0,24,66.7,33.3,0.0,0.3333,,E116_D6_3i_LY+UO+SU_10x_3.jpg,0000023_66.jpg
E133,L+U+S,7,1,0,8,87.5,12.5,0.0,0.1250,0.3889,E133_D3P37_D6_3i_L+U+S_10x_1.tif,000362_130.tif
E133,L+U+S,5,3,0,8,62.5,37.5,0.0,0.3750,,E133_D3P37_D6_3i_L+U+S_10x_2.tif,000279_131.tif
E133,L+U+S,7,14,0,21,33.3,66.7,0.0,0.6667,,E133_D3P37_D6_3i_L+U+S_10x_3.tif,000096_132.tif
E136,L+U+S,23,7,0,30,76.7,23.3,0.0,0.2333,0.1489,E136_D6_3i_L+U+S_10x_1.tif,000289_214.tif
E136,L+U+S,23,4,0,27,85.2,14.8,0.0,0.1481,,E136_D6_3i_L+U+S_10x_2.tif,000360_215.tif
E136,L+U+S,43,3,0,46,93.5,6.5,0.0,0.0652,,E136_D6_3i_L+U+S_10x_3.tif,000375_216.tif
E140,L+U+S,14,1,0,15,93.3,6.7,0.0,0.0667,0.1579,E140_D6_3i_L+U+S_19NOV17_10x_1.tif,000287_307.tif
E140,L+U+S,35,4,0,39,89.7,10.3,0.0,0.1026,,E140_D6_3i_L+U+S_19NOV17_10x_2.tif,000186_308.tif
E140,L+U+S,16,7,0,23,69.6,30.4,0.0,0.3043,,E140_D6_3i_L+U+S_19NOV17_10x_3.tif,000107_309.tif
E142,L+U+S,18,9,0,27,66.7,33.3,0.0,0.3333,0.3711,E142_D6_3i_L+U+S_30JAN18_10x_1.tif,000360_400.tif
E142,L+U+S,22,7,0,29,75.9,24.1,0.0,0.2414,,E142_D6_3i_L+U+S_30JAN18_10x_2.tif,000371_401.tif
E142,L+U+S,12,14,0,26,46.2,53.8,0.0,0.5385,,E142_D6_3i_L+U+S_30JAN18_10x_3.tif,000420_402.tif
E116,P,5,13,3,21,23.8,61.9,14.3,0.9048,0.8730,E116_D6_1i_PF_10x1.jpg,0000135_10.jpg
E116,P,9,6,3,18,50.0,33.3,16.7,0.6667,,E116_D6_1i_PF_10x_2.jpg,0000018_11.jpg
E116,P,2,16,3,21,9.5,76.2,14.3,1.0476,,E116_D6_1i_PF_10x_3.jpg,0000137_12.jpg
E133,P,16,9,4,29,55.2,31.0,13.8,0.5862,0.6906,E133_D3P37_D6_1i_PF_10x_1.tif,0000003_88.tif
E133,P,9,8,3,20,45.0,40.0,15.0,0.7000,,E133_D3P37_D6_1i_PF_10x_2.tif,0000010_89.tif
E133,P,6,22,0,28,21.4,78.6,0.0,0.7857,,E133_D3P37_D6_1i_PF_10x_3.tif,0000346_90.tif
E136,P,4,8,3,15,26.7,53.3,20.0,0.9333,1.0830,E136_D6_1i_PF_10x_1.tif,000003_175.tif
E136,P,2,16,5,23,8.7,69.6,21.7,1.1304,,E136_D6_1i_PF_10x_2.tif,000196_176.tif
E136,P,2,18,7,27,7.4,66.7,25.9,1.1852,,E136_D6_1i_PF_10x_3.tif,000166_177.tif
E140,P,5,11,4,20,25.0,55.0,20.0,0.9500,1.0861,E140_D6_1i_PF_19NOV17_10x_1.tif,000098_253.tif
E140,P,0,13,7,20,0.0,65.0,35.0,1.3500,,E140_D6_1i_PF_19NOV17_10x_2.tif,000035_254.tif
E140,P,1,23,0,24,4.2,95.8,0.0,0.9583,,E140_D6_1i_PF_19NOV17_10x_3.tif,000416_255.tif
E142,P,14,13,2,29,48.3,44.8,6.9,0.5862,1.1909,E142_D6_1i_PF_30JAN18_10x_1.tif,000433_355.tif
E142,P,2,2,22,26,7.7,7.7,84.6,1.7692,,E142_D6_1i_PF_30JAN18_10x_2.tif,000077_356.tif
E142,P,3,12,8,23,13.0,52.2,34.8,1.2174,,E142_D6_1i_PF_30JAN18_10x_3.tif,000229_357.tif
E116,P+S,11,5,0,16,68.8,31.3,0.0,0.3125,0.2529,E116_D6_2i_PF+SU_10x_1.jpg,0000408_31.jpg
E116,P+S,17,6,0,23,73.9,26.1,0.0,0.2609,,E116_D6_2i_PF+SU_10x_2.jpg,0000030_32.jpg
E116,P+S,22,5,0,27,81.5,18.5,0.0,0.1852,,E116_D6_2i_PF+SU_10x_3.jpg,0000321_33.jpg
E133,P+S,8,12,0,20,40.0,60.0,0.0,0.6000,0.5157,E133_D3P37_D6_2i_P+S_10x_1.tif,000089_106.tif
E133,P+S,15,4,1,20,75.0,20.0,5.0,0.3000,,E133_D3P37_D6_2i_P+S_10x_2.tif,000078_107.tif
E133,P+S,6,11,0,17,35.3,64.7,0.0,0.6471,,E133_D3P37_D6_2i_P+S_10x_3.tif,000156_108.tif
E136,P+S,13,16,0,29,44.8,55.2,0.0,0.5517,0.5883,E136_D6_2i_P+S_10x_1.tif,000144_193.tif
E136,P+S,13,20,0,33,39.4,60.6,0.0,0.6061,,E136_D6_2i_P+S_10x_2.tif,000249_194.tif
E136,P+S,11,17,0,28,39.3,60.7,0.0,0.6071,,E136_D6_2i_P+S_10x_3.tif,000107_195.tif
E140,P+S,3,24,1,28,10.7,85.7,3.6,0.9286,0.6587,E140_D6_2i_P+S_19NOV17_10x_1.tif,000087_277.tif
E140,P+S,8,20,0,28,28.6,71.4,0.0,0.7143,,E140_D6_2i_P+S_19NOV17_10x_2.tif,000394_278.tif
E140,P+S,18,9,0,27,66.7,33.3,0.0,0.3333,,E140_D6_2i_P+S_19NOV17_10x_3.tif,000393_279.tif
E142,P+S,19,7,0,26,73.1,26.9,0.0,0.2692,0.4267,E142_D6_2i_P+S_30JAN18_10x_1.tif,000243_376.tif
E142,P+S,23,9,0,32,71.9,28.1,0.0,0.2813,,E142_D6_2i_P+S_30JAN18_10x_2.tif,000359_377.tif
E142,P+S,10,27,0,37,27.0,73.0,0.0,0.7297,,E142_D6_2i_P+S_30JAN18_10x_3.tif,000062_378.tif
E116,R,12,18,1,31,38.7,58.1,3.2,0.6452,0.5331,E116_D6_1i_Rapa_10x_1.jpg,0000249_13.jpg
E116,R,11,7,0,18,61.1,38.9,0.0,0.3889,,E116_D6_1i_Rapa_10x_2.jpg,0000306_14.jpg
E116,R,10,13,0,23,43.5,56.5,0.0,0.5652,,E116_D6_1i_Rapa_10x_3.jpg,0000231_15.jpg
E133,R,10,14,1,25,40.0,56.0,4.0,0.6400,0.4748,E133_D3P37_D6_1i_Rapa_10x_1.tif,0000016_91.tif
E133,R,16,11,1,28,57.1,39.3,3.6,0.4643,,E133_D3P37_D6_1i_Rapa_10x_2.tif,0000371_92.tif
E133,R,17,8,0,25,68.0,32.0,0.0,0.3200,,E133_D3P37_D6_1i_Rapa_10x_3.tif,0000397_93.tif
E136,R,9,22,0,31,29.0,71.0,0.0,0.7097,0.7530,E136_D6_1i_Rapa_10x_1.tif,000070_178.tif
E136,R,8,28,0,36,22.2,77.8,0.0,0.7778,,E136_D6_1i_Rapa_10x_2.tif,000305_179.tif
E136,R,8,27,0,35,22.9,77.1,0.0,0.7714,,E136_D6_1i_Rapa_10x_3.tif,000422_180.tif
E140,R,8,10,0,18,44.4,55.6,0.0,0.5556,0.5512,E140_D6_1i_Rapa_19NOV17_10x_1.tif,000277_256.tif
E140,R,8,14,0,22,36.4,63.6,0.0,0.6364,,E140_D6_1i_Rapa_19NOV17_10x_2.tif,000296_257.tif
E140,R,14,12,0,26,53.8,46.2,0.0,0.4615,,E140_D6_1i_Rapa_19NOV17_10x_3.tif,000242_258.tif
E116,R+P,4,13,2,19,21.1,68.4,10.5,0.8947,0.7974,E116_D6_2i_Rapa+PF_10x_1.jpg,0000095_34.jpg
E116,R+P,5,12,0,17,29.4,70.6,0.0,0.7059,,E116_D6_2i_Rapa+PF_10x_2.jpg,0000079_35.jpg
E116,R+P,5,19,0,24,20.8,79.2,0.0,0.7917,,E116_D6_2i_Rapa+PF_10x_3.jpg,0000412_36.jpg
E133,R+P,8,5,0,13,61.5,38.5,0.0,0.3846,0.5064,E133_D3P37_D6_2i_R+P_10x_1.tif,000271_109.tif
E133,R+P,8,6,0,14,57.1,42.9,0.0,0.4286,,E133_D3P37_D6_2i_R+P_10x_2.tif,000349_110.tif
E133,R+P,5,12,0,17,29.4,70.6,0.0,0.7059,,E133_D3P37_D6_2i_R+P_10x_3.tif,000408_111.tif
E136,R+P,4,23,0,27,14.8,85.2,0.0,0.8519,0.8655,E136_D6_2i_R+P_10x_1.tif,000371_196.tif
E136,R+P,3,20,0,23,13.0,87.0,0.0,0.8696,,E136_D6_2i_R+P_10x_2.tif,000011_197.tif
E136,R+P,2,14,0,16,12.5,87.5,0.0,0.8750,,E136_D6_2i_R+P_10x_3.tif,000227_198.tif
E140,R+P,8,26,0,34,23.5,76.5,0.0,0.7647,0.5464,E140_D6_2i_R+P_19NOV17_10x_1.tif,000165_280.tif
E140,R+P,19,15,0,34,55.9,44.1,0.0,0.4412,,E140_D6_2i_R+P_19NOV17_10x_2.tif,000329_281.tif
E140,R+P,17,13,0,30,56.7,43.3,0.0,0.4333,,E140_D6_2i_R+P_19NOV17_10x_3.tif,000369_282.tif
E142,R+P,10,15,0,25,40.0,60.0,0.0,0.6000,0.6023,E142_D6_2i_R+P_30JAN18_10x_1.tif,000116_379.tif
E142,R+P,11,10,0,21,52.4,47.6,0.0,0.4762,,E142_D6_2i_R+P_30JAN18_10x_2.tif,000231_380.tif
E142,R+P,7,19,0,26,26.9,73.1,0.0,0.7308,,E142_D6_2i_R+P_30JAN18_10x_3.tif,000021_381.tif
E116,R+P+S,25,9,0,34,73.5,26.5,0.0,0.2647,0.2853,E116_D6_3i_Rapa+PF+SU_10x_1.jpg,0000389_67.jpg
E116,R+P+S,16,13,0,29,55.2,44.8,0.0,0.4483,,E116_D6_3i_Rapa+PF+SU_10x_2.jpg,0000147_68.jpg
E116,R+P+S,30,5,0,35,85.7,14.3,0.0,0.1429,,E116_D6_3i_Rapa+PF+SU_10x_3.jpg,0000015_69.jpg
E133,R+P+S,11,22,0,33,33.3,66.7,0.0,0.6667,0.4835,E133_D3P37_D6_3i_R+P+S_10x_1.tif,000095_133.tif
E133,R+P+S,14,15,0,29,48.3,51.7,0.0,0.5172,,E133_D3P37_D6_3i_R+P+S_10x_2.tif,000276_134.tif
E133,R+P+S,22,8,0,30,73.3,26.7,0.0,0.2667,,E133_D3P37_D6_3i_R+P+S_10x_3.tif,000333_135.tif
E136,R+P+S,6,24,1,31,19.4,77.4,3.2,0.8387,0.7669,E136_D6_3i_R+P+S_10x_1.tif,000085_217.tif
E136,R+P+S,14,21,0,35,40.0,60.0,0.0,0.6000,,E136_D6_3i_R+P+S_10x_2.tif,000359_218.tif
E136,R+P+S,5,23,1,29,17.2,79.3,3.4,0.8621,,E136_D6_3i_R+P+S_10x_3.tif,000130_219.tif
E140,R+P+S,19,22,0,41,46.3,53.7,0.0,0.5366,0.5588,E140_D6_3i_R+P+S_19NOV17_10x_1.tif,000302_310.tif
E140,R+P+S,13,16,0,29,44.8,55.2,0.0,0.5517,,E140_D6_3i_R+P+S_19NOV17_10x_2.tif,000350_311.tif
E140,R+P+S,15,18,1,34,44.1,52.9,2.9,0.5882,,E140_D6_3i_R+P+S_19NOV17_10x_3.tif,000001_312.tif
E142,R+P+S,11,11,0,22,50.0,50.0,0.0,0.5000,0.4426,E142_D6_3i_R+P+S_30JAN18_10x_1.tif,000229_403.tif
E142,R+P+S,15,8,0,23,65.2,34.8,0.0,0.3478,,E142_D6_3i_R+P+S_30JAN18_10x_2.tif,000238_404.tif
E142,R+P+S,13,12,0,25,52.0,48.0,0.0,0.4800,,E142_D6_3i_R+P+S_30JAN18_10x_3.tif,000243_405.tif
E116,R+S,22,5,0,27,81.5,18.5,0.0,0.1852,0.1925,E116_D6_2i_Rapa+SU_10x_1.jpg,0000339_37.jpg
E116,R+S,21,5,0,26,80.8,19.2,0.0,0.1923,,E116_D6_2i_Rapa+SU_10x_2.jpg,0000393_38.jpg
E116,R+S,20,5,0,25,80.0,20.0,0.0,0.2000,,E116_D6_2i_Rapa+SU_10x_3.jpg,0000217_39.jpg
E133,R+S,15,7,0,22,68.2,31.8,0.0,0.3182,0.3409,E133_D3P37_D6_2i_R+S_10x_1.tif,000317_112.tif
E133,R+S,12,10,0,22,54.5,45.5,0.0,0.4545,,E133_D3P37_D6_2i_R+S_10x_2.tif,000408_113.tif
E133,R+S,15,5,0,20,75.0,25.0,0.0,0.2500,,E133_D3P37_D6_2i_R+S_10x_3.tif,000395_114.tif
E136,R+S,26,9,0,35,74.3,25.7,0.0,0.2571,0.3335,E136_D6_2i_R+S_10x_1.tif,000049_199.tif
E136,R+S,14,14,0,28,50.0,50.0,0.0,0.5000,,E136_D6_2i_R+S_10x_2.tif,000118_200.tif
E136,R+S,28,9,0,37,75.7,24.3,0.0,0.2432,,E136_D6_2i_R+S_10x_3.tif,000184_201.tif
E140,R+S,19,23,0,42,45.2,54.8,0.0,0.5476,0.4669,E140_D6_2i_R+S_19NOV17_10x_1.tif,000419_283.tif
E140,R+S,23,11,0,34,67.6,32.4,0.0,0.3235,,E140_D6_2i_R+S_19NOV17_10x_2.tif,000185_284.tif
E140,R+S,16,18,0,34,47.1,52.9,0.0,0.5294,,E140_D6_2i_R+S_19NOV17_10x_3.tif,000050_285.tif
E142,R+S,15,13,0,28,53.6,46.4,0.0,0.4643,0.4948,E142_D6_2i_R+S_30JAN18_10x_1.tif,000249_382.tif
E142,R+S,13,13,0,26,50.0,50.0,0.0,0.5000,,E142_D6_2i_R+S_30JAN18_10x_2.tif,000399_383.tif
E142,R+S,12,13,0,25,48.0,52.0,0.0,0.5200,,E142_D6_2i_R+S_30JAN18_10x_3.tif,000057_384.tif
E142,Rap,7,18,2,27,25.9,66.7,7.4,0.8148,0.7121,E142_D6_1i_Rap_30JAN18_10x_1.tif,000277_358.tif
E142,Rap,6,18,0,24,25.0,75.0,0.0,0.7500,,E142_D6_1i_Rap_30JAN18_10x_2.tif,000149_359.tif
E142,Rap,12,16,0,28,42.9,57.1,0.0,0.5714,,E142_D6_1i_Rap_30JAN18_10x_3.tif,000325_360.tif
E116,S,6,12,1,19,31.6,63.2,5.3,0.7368,0.7016,E116_D6_1i_SU_10x_1.jpg,0000084_16.jpg
E116,S,12,10,1,23,52.2,43.5,4.3,0.5217,,E116_D6_1i_SU_10x_2.jpg,0000343_17.jpg
E116,S,5,20,1,26,19.2,76.9,3.8,0.8462,,E116_D6_1i_SU_10x_3.jpg,0000050_18.jpg
E133,S,27,9,0,36,75.0,25.0,0.0,0.2500,0.1562,E133_D3P37_D6_1i_SU_10x_1.tif,0000415_94.tif
E133,S,33,3,0,36,91.7,8.3,0.0,0.0833,,E133_D3P37_D6_1i_SU_10x_2.tif,0000250_95.tif
E133,S,32,5,0,37,86.5,13.5,0.0,0.1351,,E133_D3P37_D6_1i_SU_10x_3.tif,0000008_96.tif
E140,S,19,17,0,36,52.8,47.2,0.0,0.4722,0.5203,E140_D6_1i_SU_19NOV17_10x_1.tif,000277_259.tif
E140,S,14,15,0,29,48.3,51.7,0.0,0.5172,,E140_D6_1i_SU_19NOV17_10x_2.tif,000400_260.tif
E140,S,12,16,0,28,42.9,57.1,0.0,0.5714,,E140_D6_1i_SU_19NOV17_10x_3.tif,000266_261.tif
E142,S,10,25,0,35,28.6,71.4,0.0,0.7143,0.5685,E142_D6_1i_SU_30JAN18_10x_1.tif,000036_361.tif
E142,S,14,9,0,23,60.9,39.1,0.0,0.3913,,E142_D6_1i_SU_30JAN18_10x_2.tif,000229_362.tif
E142,S,17,15,3,35,48.6,42.9,8.6,0.6000,,E142_D6_1i_SU_30JAN18_10x_3.tif,000140_363.tif
E116,U,15,12,1,28,53.6,42.9,3.6,0.5000,0.5020,E116_D6_1i_UO_10x_2.jpg,0000380_20.jpg
E116,U,13,9,2,24,54.2,37.5,8.3,0.5417,,E116_D6_1i_UO_10x_3.jpg,0000133_21.jpg
E116,U,16,11,1,28,57.1,39.3,3.6,0.4643,,E116_D6_1i_UO_10x1.jpg,0000393_19.jpg
E133,U,4,9,0,13,30.8,69.2,0.0,0.6923,0.5879,E133_D3P37_D6_1i_UO_10x_1.tif,0000080_97.tif
E133,U,11,5,2,18,61.1,27.8,11.1,0.5000,,E133_D3P37_D6_1i_UO_10x_2.tif,0000299_98.tif
E133,U,9,12,0,21,42.9,57.1,0.0,0.5714,,E133_D3P37_D6_1i_UO_10x_3.tif,0000171_99.tif
E136,U,14,20,0,34,41.2,58.8,0.0,0.5882,0.5815,E136_D6_1i_UO_10x_1.tif,000093_181.tif
E136,U,21,8,2,31,67.7,25.8,6.5,0.3871,,E136_D6_1i_UO_10x_2.tif,000247_182.tif
E136,U,8,16,2,26,30.8,61.5,7.7,0.7692,,E136_D6_1i_UO_10x_3.tif,000152_183.tif
E140,U,1,9,9,19,5.3,47.4,47.4,1.4211,1.2525,E140_D6_1i_UO_19NOV17_10x_1.tif,000112_262.tif
E140,U,2,15,5,22,9.1,68.2,22.7,1.1364,,E140_D6_1i_UO_19NOV17_10x_2.tif,000164_263.tif
E140,U,3,10,7,20,15.0,50.0,35.0,1.2000,,E140_D6_1i_UO_19NOV17_10x_3.tif,000131_264.tif
E142,U,11,15,1,27,40.7,55.6,3.7,0.6296,0.6539,E142_D6_1i_UO_30JAN18_10x_1.tif,000414_364.tif
E142,U,11,8,4,23,47.8,34.8,17.4,0.6957,,E142_D6_1i_UO_30JAN18_10x_2.tif,000116_365.tif
E142,U,11,8,3,22,50.0,36.4,13.6,0.6364,,E142_D6_1i_UO_30JAN18_10x_3.tif,000027_366.tif
E116,U+P,2,20,0,22,9.1,90.9,0.0,0.9091,0.7259,E116_D6_2i_UO+PF_10x_1.jpg,0000176_40.jpg
E116,U+P,8,6,0,14,57.1,42.9,0.0,0.4286,,E116_D6_2i_UO+PF_10x_2.jpg,0000046_41.jpg
E116,U+P,5,19,1,25,20.0,76.0,4.0,0.8400,,E116_D6_2i_UO+PF_10x_3.jpg,0000151_42.jpg
E133,U+P,9,6,0,15,60.0,40.0,0.0,0.4000,0.5135,E133_D3P37_D6_2i_U+P_10x_1.tif,000051_115.tif
E133,U+P,10,9,0,19,52.6,47.4,0.0,0.4737,,E133_D3P37_D6_2i_U+P_10x_2.tif,000388_116.tif
E133,U+P,7,10,1,18,38.9,55.6,5.6,0.6667,,E133_D3P37_D6_2i_U+P_10x_3.tif,000053_117.tif
E140,U+P,6,18,0,24,25.0,75.0,0.0,0.7500,0.8000,E140_D6_2i_U+P_19NOV17_10x_1.tif,000083_286.tif
E140,U+P,5,12,3,20,25.0,60.0,15.0,0.9000,,E140_D6_2i_U+P_19NOV17_10x_2.tif,000431_287.tif
E140,U+P,10,15,3,28,35.7,53.6,10.7,0.7500,,E140_D6_2i_U+P_19NOV17_10x_3.tif,000214_288.tif
E142,U+P,12,11,4,27,44.4,40.7,14.8,0.7037,0.6418,E142_D6_2i_U+P_30JAN18_10x_1.tif,000046_385.tif
E142,U+P,11,11,3,25,44.0,44.0,12.0,0.6800,,E142_D6_2i_U+P_30JAN18_10x_2.tif,000282_386.tif
E142,U+P,13,9,2,24,54.2,37.5,8.3,0.5417,,E142_D6_2i_U+P_30JAN18_10x_3.tif,000226_387.tif
E116,U+P+S,15,11,0,26,57.7,42.3,0.0,0.4231,0.3101,E116_D6_3i_UO+PF+SU_10x_1.jpg,0000253_70.jpg
E116,U+P+S,19,4,0,23,82.6,17.4,0.0,0.1739,,E116_D6_3i_UO+PF+SU_10x_2.jpg,0000205_71.jpg
E116,U+P+S,16,8,0,24,66.7,33.3,0.0,0.3333,,E116_D6_3i_UO+PF+SU_10x_3.jpg,0000120_72.jpg
E133,U+P+S,20,2,0,22,90.9,9.1,0.0,0.0909,0.1744,E133_D3P37_D6_3i_U+P+S_10x_1.tif,000299_136.tif
E133,U+P+S,33,2,0,35,94.3,5.7,0.0,0.0571,,E133_D3P37_D6_3i_U+P+S_10x_2.tif,000054_137.tif
E133,U+P+S,15,9,0,24,62.5,37.5,0.0,0.3750,,E133_D3P37_D6_3i_U+P+S_10x_3.tif,000009_138.tif
E140,U+P+S,12,11,0,23,52.2,47.8,0.0,0.4783,0.5545,E140_D6_3i_U+P+S_19NOV17_10x_1.tif,000271_313.tif
E140,U+P+S,6,20,1,27,22.2,74.1,3.7,0.8148,,E140_D6_3i_U+P+S_19NOV17_10x_2.tif,000122_314.tif
E140,U+P+S,17,10,0,27,63.0,37.0,0.0,0.3704,,E140_D6_3i_U+P+S_19NOV17_10x_3.tif,000383_315.tif
E142,U+P+S,15,10,0,25,60.0,40.0,0.0,0.4000,0.2581,E142_D6_3i_U+P+S_30JAN18_10x_1.tif,000391_406.tif
E142,U+P+S,21,4,0,25,84.0,16.0,0.0,0.1600,,E142_D6_3i_U+P+S_30JAN18_10x_2.tif,000196_407.tif
E142,U+P+S,22,6,0,28,78.6,21.4,0.0,0.2143,,E142_D6_3i_U+P+S_30JAN18_10x_3.tif,000389_408.tif
E116,U+R,16,10,0,26,61.5,38.5,0.0,0.3846,0.4125,E116_D6_2i_UO+Rapa_10x_1.jpg,0000337_43.jpg
E116,U+R,8,8,0,16,50.0,50.0,0.0,0.5000,,E116_D6_2i_UO+Rapa_10x_2.jpg,0000020_44.jpg
E116,U+R,11,6,0,17,64.7,35.3,0.0,0.3529,,E116_D6_2i_UO+Rapa_10x_3.jpg,0000170_45.jpg
E133,U+R,16,6,0,22,72.7,27.3,0.0,0.2727,0.3999,E133_D3P37_D6_2i_U+R_10x_1.tif,000258_118.tif
E133,U+R,14,9,0,23,60.9,39.1,0.0,0.3913,,E133_D3P37_D6_2i_U+R_10x_2.tif,000427_119.tif
E133,U+R,13,15,0,28,46.4,53.6,0.0,0.5357,,E133_D3P37_D6_2i_U+R_10x_3.tif,000319_120.tif
E136,U+R,17,8,0,25,68.0,32.0,0.0,0.3200,0.5505,E136_D6_2i_U+R_10x_1.tif,000365_202.tif
E136,U+R,10,6,0,16,62.5,37.5,0.0,0.3750,,E136_D6_2i_U+R_10x_2.tif,000002_203.tif
E136,U+R,1,22,0,23,4.3,95.7,0.0,0.9565,,E136_D6_2i_U+R_10x_3.tif,000072_204.tif
E140,U+R,12,14,0,26,46.2,53.8,0.0,0.5385,0.3523,E140_D6_2i_U+R_19NOV17_10x_1.tif,000230_289.tif
E140,U+R,22,5,0,27,81.5,18.5,0.0,0.1852,,E140_D6_2i_U+R_19NOV17_10x_2.tif,000351_290.tif
E140,U+R,20,10,0,30,66.7,33.3,0.0,0.3333,,E140_D6_2i_U+R_19NOV17_10x_3.tif,000086_291.tif
E142,U+R,19,12,0,31,61.3,38.7,0.0,0.3871,0.2782,E142_D6_2i_U+R_30JAN18_10x_1.tif,000195_388.tif
E142,U+R,33,9,0,42,78.6,21.4,0.0,0.2143,,E142_D6_2i_U+R_30JAN18_10x_2.tif,000321_389.tif
E142,U+R,23,7,0,30,76.7,23.3,0.0,0.2333,,E142_D6_2i_U+R_30JAN18_10x_3.tif,000194_390.tif
E116,U+R+P,19,11,0,30,63.3,36.7,0.0,0.3667,0.4470,E116_D6_3i_UO+Rapa+PF_10x_1.jpg,0000275_73.jpg
E116,U+R+P,6,12,0,18,33.3,66.7,0.0,0.6667,,E116_D6_3i_UO+Rapa+PF_10x_2.jpg,0000191_74.jpg
E116,U+R+P,18,8,0,26,69.2,30.8,0.0,0.3077,,E116_D6_3i_UO+Rapa+PF_10x_3.jpg,0000148_75.jpg
E136,U+R+P,12,21,0,33,36.4,63.6,0.0,0.6364,0.6096,E136_D6_3i_U+R+P_10x_1.tif,000169_220.tif
E136,U+R+P,4,9,0,13,30.8,69.2,0.0,0.6923,,E136_D6_3i_U+R+P_10x_2.tif,000019_221.tif
E136,U+R+P,15,12,1,28,53.6,42.9,3.6,0.5000,,E136_D6_3i_U+R+P_10x_3.tif,000299_222.tif
E140,U+R+P,14,21,0,35,40.0,60.0,0.0,0.6000,0.5014,E140_D6_3i_U+R+P_19NOV17_10x_1.tif,000385_316.tif
E140,U+R+P,18,14,0,32,56.3,43.8,0.0,0.4375,,E140_D6_3i_U+R+P_19NOV17_10x_2.tif,000077_317.tif
E140,U+R+P,16,14,0,30,53.3,46.7,0.0,0.4667,,E140_D6_3i_U+R+P_19NOV17_10x_3.tif,000175_318.tif
E142,U+R+P,16,7,0,23,69.6,30.4,0.0,0.3043,0.3204,E142_D6_3i_U+R+P_30JAN18_10x_1.tif,000328_409.tif
E142,U+R+P,14,14,1,29,48.3,48.3,3.4,0.5517,,E142_D6_3i_U+R+P_30JAN18_10x_2.tif,000019_410.tif
E142,U+R+P,17,2,0,19,89.5,10.5,0.0,0.1053,,E142_D6_3i_U+R+P_30JAN18_10x_3.tif,000287_411.tif
E116,U+R+P+S,20,13,0,33,60.6,39.4,0.0,0.3939,0.5192,E116_D6_4i_UO+Rapa+PF+SU_10x_1.jpg,0000420_82.jpg
E116,U+R+P+S,17,12,0,29,58.6,41.4,0.0,0.4138,,E116_D6_4i_UO+Rapa+PF+SU_10x_2.jpg,0000393_83.jpg
E116,U+R+P+S,5,15,0,20,25.0,75.0,0.0,0.7500,,E116_D6_4i_UO+Rapa+PF+SU_10x_3.jpg,0000310_84.jpg
E133,U+R+P+S,4,17,1,22,18.2,77.3,4.5,0.8636,0.7031,E133_D3P37_D6_4i_U+R+P+S_10x_1.tif,000022_145.tif
E133,U+R+P+S,10,20,0,30,33.3,66.7,0.0,0.6667,,E133_D3P37_D6_4i_U+R+P+S_10x_2.tif,000413_146.tif
E133,U+R+P+S,8,11,0,19,42.1,57.9,0.0,0.5789,,E133_D3P37_D6_4i_U+R+P+S_10x_3.tif,000188_147.tif
E136,U+R+P+S,5,20,0,25,20.0,80.0,0.0,0.8000,0.8158,E136_D6_4i_U+R+P+S_10x_1.tif,000067_229.tif
E136,U+R+P+S,3,24,0,27,11.1,88.9,0.0,0.8889,,E136_D6_4i_U+R+P+S_10x_2.tif,000093_230.tif
E136,U+R+P+S,7,22,0,29,24.1,75.9,0.0,0.7586,,E136_D6_4i_U+R+P+S_10x_3.tif,000253_231.tif
E140,U+R+P+S,19,15,0,34,55.9,44.1,0.0,0.4412,0.4689,E140_D6_4i_U+R+P+S_19NOV17_10x_1.tif,000349_325.tif
E140,U+R+P+S,10,16,0,26,38.5,61.5,0.0,0.6154,,E140_D6_4i_U+R+P+S_19NOV17_10x_2.tif,000304_326.tif
E140,U+R+P+S,13,7,0,20,65.0,35.0,0.0,0.3500,,E140_D6_4i_U+R+P+S_19NOV17_10x_3.tif,000008_327.tif
E116,U+R+S,21,7,0,28,75.0,25.0,0.0,0.2500,0.2455,E116_D6_3i_UO+Rapa+SU_10x_1.jpg,0000059_76.jpg
E116,U+R+S,18,3,0,21,85.7,14.3,0.0,0.1429,,E116_D6_3i_UO+Rapa+SU_10x_2.jpg,0000189_77.jpg
E116,U+R+S,21,11,0,32,65.6,34.4,0.0,0.3438,,E116_D6_3i_UO+Rapa+SU_10x_3.jpg,0000404_78.jpg
E133,U+R+S,7,4,0,11,63.6,36.4,0.0,0.3636,0.3904,E133_D3P37_D6_3i_U+R+S_10x_1.tif,000388_139.tif
E133,U+R+S,5,5,0,10,50.0,50.0,0.0,0.5000,,E133_D3P37_D6_3i_U+R+S_10x_2.tif,000201_140.tif
E133,U+R+S,9,4,0,13,69.2,30.8,0.0,0.3077,,E133_D3P37_D6_3i_U+R+S_10x_3.tif,000010_141.tif
E136,U+R+S,9,18,0,27,33.3,66.7,0.0,0.6667,0.5900,E136_D6_3i_U+R+S_10x_1.tif,000180_223.tif
E136,U+R+S,14,15,0,29,48.3,51.7,0.0,0.5172,,E136_D6_3i_U+R+S_10x_2.tif,000332_224.tif
E136,U+R+S,12,17,0,29,41.4,58.6,0.0,0.5862,,E136_D6_3i_U+R+S_10x_3.tif,000010_225.tif
E140,U+R+S,13,15,0,28,46.4,53.6,0.0,0.5357,0.4766,E140_D6_3i_U+R+S_19NOV17_10x_1.tif,000094_319.tif
E140,U+R+S,20,13,0,33,60.6,39.4,0.0,0.3939,,E140_D6_3i_U+R+S_19NOV17_10x_2.tif,000029_320.tif
E140,U+R+S,17,17,0,34,50.0,50.0,0.0,0.5000,,E140_D6_3i_U+R+S_19NOV17_10x_3.tif,000145_321.tif
E142,U+R+S,11,21,0,32,34.4,65.6,0.0,0.6563,0.4994,E142_D6_3i_U+R+S_30JAN18_10x_1.tif,000121_412.tif
E142,U+R+S,14,8,0,22,63.6,36.4,0.0,0.3636,,E142_D6_3i_U+R+S_30JAN18_10x_2.tif,000259_413.tif
E142,U+R+S,12,11,0,23,52.2,47.8,0.0,0.4783,,E142_D6_3i_U+R+S_30JAN18_10x_3.tif,000231_414.tif
E116,U+S,16,8,0,24,66.7,33.3,0.0,0.3333,0.3234,E116_D6_2i_UO+SU_10x_1.jpg,0000183_46.jpg
E116,U+S,12,9,0,21,57.1,42.9,0.0,0.4286,,E116_D6_2i_UO+SU_10x_2.jpg,0000293_47.jpg
E116,U+S,19,5,0,24,79.2,20.8,0.0,0.2083,,E116_D6_2i_UO+SU_10x_3.jpg,0000391_48.jpg
E133,U+S,16,5,0,21,76.2,23.8,0.0,0.2381,0.3142,E133_D3P37_D6_2i_U+S_10x_1.tif,000064_121.tif
E133,U+S,18,15,0,33,54.5,45.5,0.0,0.4545,,E133_D3P37_D6_2i_U+S_10x_2.tif,000417_122.tif
E133,U+S,18,6,0,24,75.0,25.0,0.0,0.2500,,E133_D3P37_D6_2i_U+S_10x_3.tif,000302_123.tif
E136,U+S,20,4,0,24,83.3,16.7,0.0,0.1667,0.3228,E136_D6_2i_U+S_10x_1.tif,000145_205.tif
E136,U+S,13,5,0,18,72.2,27.8,0.0,0.2778,,E136_D6_2i_U+S_10x_2.tif,000407_206.tif
E136,U+S,11,9,1,21,52.4,42.9,4.8,0.5238,,E136_D6_2i_U+S_10x_3.tif,000184_207.tif
E140,U+S,14,16,0,30,46.7,53.3,0.0,0.5333,0.5262,E140_D6_2i_U+S_19NOV17_10x_1.tif,000229_292.tif
E140,U+S,10,19,0,29,34.5,65.5,0.0,0.6552,,E140_D6_2i_U+S_19NOV17_10x_2.tif,000427_293.tif
E140,U+S,25,16,0,41,61.0,39.0,0.0,0.3902,,E140_D6_2i_U+S_19NOV17_10x_3.tif,000435_294.tif
E142,U+S,15,13,0,28,53.6,46.4,0.0,0.4643,0.4161,E142_D6_2i_U+S_30JAN18_10x_1.tif,000114_391.tif
E142,U+S,31,8,0,39,79.5,20.5,0.0,0.2051,,E142_D6_2i_U+S_30JAN18_10x_2.tif,000229_392.tif
E142,U+S,16,22,0,38,42.1,57.9,0.0,0.5789,,E142_D6_2i_U+S_30JAN18_10x_3.tif,000153_393.tif