Sample name,U,S,L,R,P,EB2,EB3,EB4,FunctionalAssay,CellNo.Norm_2,CellNo.Norm_4,CellNo.Norm_6,CellNo.Raw_2,CellNo.Raw_4,CellNo.Raw_6,Prolif_2,Prolif_4,Prolif_6,Apoptosis_2,Apoptosis_4,Apoptosis_6,Morphology,Rex1,Oct4,Dnmt3b,Fgf5,Lefty2,Otx2,Mixl1
E116 330 LIF+Pro+DMSO,0,0,0,0,0,0.896427676,5.918759677,6.868753796,13.68394115,1,1,1,6.70E+06,4.00E+06,9.60E+06,,,,,,,0.652902018,1.351345392,2.06629714,3.093747935,3.566290601,3.171181607,3.083756492,1.420151849
E116 L,0,0,1,0,0,3.380036744,2.669933836,5.590003117,11.6399737,0.93,2.48,0.86,6.20E+06,9.90E+06,8.30E+06,,,,,,,1.349620428,-0.202571918,0.073134705,2.565109697,4.094996072,0.180147861,1.9800253,-0.075520008
E116 L+P,0,0,1,0,1,-0.2968993,1.397255346,3.087462841,4.187818887,0.81,0.85,0.42,5.40E+06,3.40E+06,4.00E+06,,,,,,,0.946405229,-1.63039393,-0.347398782,0.779890039,-0.199255376,-2.251538767,-0.680382066,-1.064917477
E116 L+P+S,0,1,1,0,1,-0.293358943,3.96245648,7.327498753,10.99659629,1.13,0.85,0.48,7.60E+06,3.40E+06,4.60E+06,,,,,,,0.154248366,-0.454031631,0.444667067,-0.072482754,1.032806145,1.502330602,2.567545448,0.620117165
E116 L+R,0,0,1,1,0,,,,,0.09,,,5.80E+05,,,,,,,,,,,,,,,,
E116 L+R+P,0,0,1,1,1,,,,,0.11,,,7.60E+05,,,,,,,,,,,,,,,,
E116 L+R+P+S,0,1,1,1,1,,,,,0.08,,,5.60E+05,,,,,,,,,,,,,,,,
E116 L+R+S,0,1,1,1,0,,,,,0.09,,,5.80E+05,,,,,,,,,,,,,,,,
E116 L+S,0,1,1,0,0,,,,,1.37,1.05,0.75,9.20E+06,4.20E+06,7.20E+06,,,,,,,0.342857143,-0.687334826,-0.007231569,-0.465938398,1.954940735,1.039840265,2.339992484,-1.915935735
E116 L+U,1,0,1,0,0,4.597471582,8.882499384,9.412499986,22.89247095,1.22,1.75,0.49,8.20E+06,7.00E+06,4.70E+06,,,,,,,0.772222222,-1.336427665,-0.648371671,1.525066592,3.284958244,0.210388864,1.784922702,-1.311148256
E116 L+U+P,1,0,1,0,1,,,,,0.31,1.02,0.48,2.10E+06,4.07E+06,4.60E+06,,,,,,,0.458455166,-1.15521265,0.039840265,2.487486349,3.557532628,0.3021728,2.142413438,0.045442971
E116 L+U+P+S,1,1,1,0,1,5.242488183,11.7075002,11.97249988,28.92248826,0.79,0.78,0.25,5.30E+06,3.10E+06,2.40E+06,,,,,,,0.279166667,-0.520769439,0.675364313,0.332278283,1.592636429,1.382390583,3.192509819,-0.329159664
E116 L+U+R,1,0,1,1,0,,,,,0.05,,,3.20E+05,,,,,,,,,,,,,,,,
E116 L+U+R+P,1,0,1,1,1,,,,,0.05,,,3.40E+05,,,,,,,,,,,,,,,,
E116 L+U+R+P+S,1,1,1,1,1,,,,,0.04,,,2.60E+05,,,,,,,,,,,,,,,,
E116 L+U+R+S,1,1,1,1,0,,,,,0.06,,,4.20E+05,,,,,,,,,,,,,,,,
E116 L+U+S,1,1,1,0,0,2.6073895,7.777498621,9.957499671,20.34238779,0.57,1.6,0.24,3.80E+06,6.40E+06,2.33E+06,,,,,,,0.324074074,-1.13606155,-0.234465254,-1.038006323,1.352758525,0.702214251,2.477418293,-0.979942348
E116 P,0,0,0,0,1,-0.720231578,2.935082523,3.294988268,5.509839213,0.82,2.35,0.56,5.50E+06,9.40E+06,5.40E+06,,,,,,,0.873015873,-1.217591435,-0.597277823,0.020057652,0.804879608,-0.390245038,0.03562391,-1.426625474
E116 P+S,0,1,0,0,1,,,,,0.64,1.28,0.46,4.27E+06,5.10E+06,4.40E+06,,,,,,,0.252851583,-0.169744676,0.679874148,-1.477944251,2.152507948,2.227433038,2.417379976,-0.125006361
E116 R,0,0,0,1,0,,,,,0.99,1.85,0.38,6.60E+06,7.40E+06,3.67E+06,,,,,,,0.53308919,-0.808437349,-0.09696173,0.215367972,1.520045024,1.149909668,1.140124224,-1.486004021
E116 R+P,0,0,0,1,1,,,,,0.69,1.3,1.08,4.60E+06,5.20E+06,1.04E+07,,,,,,,0.797428621,-0.469929258,1.190298792,0.422233001,2.147632327,1.302757716,1.047538389,-0.020340448
E116 R+P+S,0,1,0,1,1,,,,,0.53,0.95,0.44,3.53E+06,3.80E+06,4.20E+06,,,,,,,0.285279629,-0.839079812,0.094911647,-2.040971781,0.812292845,1.742437445,1.032806145,-0.550042516
E116 R+S,0,1,0,1,0,,,,,1.01,0.85,0.56,6.80E+06,3.40E+06,5.40E+06,,,,,,,0.192497626,-0.655171503,0.295135249,-1.23786383,0.582074221,1.917622702,1.407624676,-0.810966176
E116 S,0,1,0,0,0,3.542505701,7.017498834,7.282495406,17.84249994,1.16,2.65,0.68,7.80E+06,1.06E+07,6.50E+06,,,,,,,0.70157836,-0.727379545,-0.481968507,-0.924125133,1.415217825,1.495183478,1.865126995,-1.12973393
E116 U,1,0,0,0,0,1.020057652,4.399991351,6.52500393,11.94505293,1.36,1.65,0.54,9.10E+06,6.60E+06,5.20E+06,,,,,,,0.501984127,-0.977099598,-0.23786383,0.655351829,2.424922088,1.385154897,2.22002033,-1.040971781
E116 U+P,1,0,0,0,1,,,,,1.25,,0.64,8.40E+06,,6.11E+06,,,,,,,0.725887446,-1.522840789,-0.533242384,0.064882852,1.050327554,0.804879608,1.765110362,-1.074000581
E116 U+P+S,1,1,0,0,1,,,,,0.94,1.05,0.42,6.30E+06,4.20E+06,4.00E+06,,,,,,,0.310107766,-2.343732465,-0.659722595,2.662433396,9.15750105,-0.621488377,1.732486293,5.510012465
E116 U+R,1,0,0,1,0,,,,,0.48,0.68,0.57,3.20E+06,2.70E+06,5.50E+06,,,,,,,0.412518854,-1.407363571,-0.526992432,-0.910501849,0.489542936,1.140124224,1.404903122,-1.603840511
E116 U+R+P,1,0,0,1,1,3.242450074,9.15750105,11.49250016,23.89245128,0.51,1.2,0.35,3.40E+06,4.80E+06,3.40E+06,,,,,,,0.447008547,,,,,,,
E116 U+R+P+S,1,1,0,1,1,2.687508661,9.632500889,12.1624999,24.48250945,0.33,0.78,0.34,2.20E+06,3.10E+06,3.27E+06,,,,,,,0.519244166,-0.734563104,-0.380821784,-1.708396442,2.412510571,1.322505058,2.377401431,1.399991351
E116 U+R+S,1,1,0,1,0,1.592636429,7.917497396,10.71749993,20.22763376,0.61,0.5,0.21,4.10E+06,2.00E+06,2.00E+06,,,,,,,0.245535714,-0.00433459,0.039840265,-2.481968507,-0.36215794,1.487486349,2.267535798,-1.035046947
E116 U+S,1,1,0,0,0,,,,,1.69,0.87,0.51,1.13E+07,3.47E+06,4.90E+06,,,,,,,0.323412698,-0.763660461,-0.083141235,-1.717856771,1.719840555,2.300123725,2.784922702,-0.706041021
E133 330 LIF+Pro+DMSO,0,0,0,0,0,3.324954578,8.274997733,10.89500036,22.49495267,1,1,1,1.00E+07,6.20E+06,5.70E+06,78,75.6,78.6,18.84,12.8,51.8,1.163888889,-0.75389599,-0.289827252,2.285106251,6.137503524,0.852797893,2.667438019,1.155101558
E133 L,0,0,1,0,0,2.504874589,7.4200023,9.825000096,19.74987699,0.82,1.44,0.39,8.20E+06,8.90E+06,2.20E+06,75.8,75.1,73.7,12.93,22.38,41.4,0.909106098,-1.411195433,-0.833927324,1.779890039,5.567515026,-1.052894948,1.122341408,-0.214240226
E133 L+P,0,0,1,0,1,,,,,0.56,0.97,0.09,5.60E+06,6.00E+06,5.33E+05,75.6,70.6,72.2,23.5,24.8,38.5,0.803703704,-1.862496476,-1.070966521,1.784922702,4.712485731,-2.878321443,1.312665174,-0.524915117
E133 L+P+S,0,1,1,0,1,,,,,0.62,0.38,0.07,6.20E+06,2.33E+06,4.00E+05,69.6,68.8,64.3,11.29,37.5,30.3,0.719047619,-1.535331733,-1.058893689,1.525066592,5.177519203,-0.803392956,3.087462841,-0.821126042
E133 L+R,0,0,1,1,0,,,,,0.21,0.26,,2.07E+06,1.60E+06,,66,,,44.7,29.99,,,,,,,,,
E133 L+R+P,0,0,1,1,1,,,,,0.14,,,1.40E+06,,,52.7,,,47.9,,,,,,,,,,
E133 L+R+P+S,0,1,1,1,1,,,,,0.11,,,1.10E+06,,,50.8,,,52.7,,,,,,,,,,
E133 L+R+S,0,1,1,1,0,,,,,0.09,,,8.67E+05,,,49.6,,,29.51,,,,,,,,,,
E133 L+S,0,1,1,0,0,,,,,0.54,,,5.40E+06,,,68.8,,,17.36,,,,,,,,,,
E133 L+U,1,0,1,0,0,,,,,0.9,0.87,0.26,9.00E+06,5.40E+06,1.47E+06,74.3,70.6,74.2,17.97,11.46,47.4,0.388480392,-1.746615764,-1.139235797,1.314986485,4.287472295,-1.217591435,2.542505701,-0.935117148
E133 L+U+P,1,0,1,0,1,,,,,0.74,0.32,0.07,7.40E+06,2.00E+06,4.00E+05,74.5,69.2,69.1,16.51,42.5,47,1.034188034,-2.114035243,-1.035046947,1.909965067,5.597501378,-1.074000581,2.247623756,-1.040971781
E133 L+U+P+S,1,1,1,0,1,3.854993017,11.50500018,11.89000011,27.24999331,0.34,0.46,0.32,3.40E+06,2.87E+06,1.80E+06,69.3,60.6,59.2,44.5,37.55,37.7,0.355042017,,,,,,,
E133 L+U+R,1,0,1,1,0,,,,,0.14,,,1.40E+06,,,57.2,,,46.8,,,,,,,,,,
E133 L+U+R+P,1,0,1,1,1,,,,,0.1,,,1.00E+06,,,34.4,,,43.8,,,,,,,,,,
E133 L+U+R+P+S,1,1,1,1,1,,,,,0.07,,,7.00E+05,,,39.8,,,53.2,,,,,,,,,,
E133 L+U+R+S,1,1,1,1,0,,,,,0.09,,,8.67E+05,,,31,,,50.7,,,,,,,,,,
E133 L+U+S,1,1,1,0,0,,,,,0.58,0.98,0.07,5.80E+06,6.10E+06,4.00E+05,66.5,65.9,63.8,12.88,12.4,55.3,0.388888889,-1.064917477,-0.229382353,0.10433666,3.987502783,0.827819025,3.697551439,-1.343732465
E133 P,0,0,0,0,1,6.200005991,9.924999508,10.42000019,26.54500569,0.51,1.03,0.61,5.10E+06,6.40E+06,3.47E+06,77.5,80,78.2,7.7,13.36,31.4,0.690640394,-1.070966521,-0.715485867,0.895302621,4.562486669,-0.128156351,1.352758525,-0.524915117
E133 P+S,0,1,0,0,1,,,,,0.78,0.32,0.14,7.80E+06,2.00E+06,8.00E+05,75.7,68.2,72.2,6.59,25.1,24.2,0.515686275,-0.965784285,-0.40927823,0.639695233,4.417515003,0.667210912,3.162532318,-0.469929258
E133 R,0,0,0,1,0,1.804879608,9.364999137,10.82000021,21.98987896,0.44,0.84,1.26,4.40E+06,5.20E+06,7.20E+06,76.7,74.5,74.4,14.71,9.73,15.77,0.474761905,-1.114035243,-0.340075442,0.84478735,4.082532289,0.632268215,1.422233001,-0.189351252
E133 R+P,0,0,0,1,1,5.500005292,13.50000006,12.12500011,31.12500546,0.56,0.4,0.34,5.60E+06,2.47E+06,1.93E+06,74.1,71.1,73.4,8.85,17.68,32.9,0.506356389,-0.888968688,-0.174621396,1.194717463,4.697495838,1.137503524,2.037382222,0.314986485
E133 R+P+S,0,1,0,1,1,-0.254977851,7.3950028,11.96499997,19.10502492,0.4,0.32,0.63,4.00E+06,2.00E+06,3.60E+06,72.8,65.3,60.9,13.87,14.64,13.68,0.483524904,,,,,,,
E133 R+S,0,1,0,1,0,0.489542936,5.805008636,10.40499995,16.69955152,0.46,0.76,0.51,4.60E+06,4.73E+06,2.90E+06,73.6,69.6,71.7,5.78,13.65,24.87,0.340909091,-0.886299501,-0.084670324,-0.59946207,-6.058893689,1.547449829,3.012568674,-0.564904848
E133 S,0,1,0,0,0,,,,,0.76,1.65,1.72,7.60E+06,1.02E+07,9.80E+06,75.5,74.5,74.1,3.94,7.93,32.6,0.156156156,-0.655171503,0.175045486,-0.710755715,3.605020153,1.050327554,3.150072197,1.09017595
E133 U,1,0,0,0,0,,,,,0.72,1.74,0.27,7.20E+06,1.08E+07,1.55E+06,77.4,76.3,73.4,5.97,14.34,32.4,0.587912088,-1.639354798,-1.354759487,0.190298792,4.082532289,0.007195501,2.007554336,-0.564904848
E133 U+P,1,0,0,0,1,5.415014957,11.235,10.07999937,26.73001433,0.56,0.71,0.56,5.60E+06,4.40E+06,3.20E+06,78,73.9,76.1,11.65,25.1,39.2,0.513450293,-1.064917477,-0.325539348,1.770194755,1.697329024,0.237563718,3.21754094,-0.089267338
E133 U+P+S,1,1,0,0,1,-1.02620507,8.755001043,10.6099996,18.33879557,0.54,0.55,0.54,5.40E+06,3.40E+06,3.10E+06,74.4,67.6,68.5,10.24,,51.5,0.174350649,,,,,,,
E133 U+R,1,0,0,1,0,2.854993017,8.954998877,11.09500003,22.90499192,0.48,0.58,0.35,4.80E+06,3.60E+06,2.00E+06,75.6,72.7,68.9,26.1,23.45,46.2,0.399915302,-1.351074441,-0.434402824,0.84478735,4.262508327,0.552868871,2.472487771,-0.634867407
E133 U+R+P,1,0,0,1,1,,,,,0.43,0.16,,4.27E+06,1.00E+06,,73.5,61.4,,18.28,16.74,,,,,,,,,
E133 U+R+P+S,1,1,0,1,1,0.455228571,11.14000021,11.37999994,22.97522872,0.29,0.41,0.55,2.90E+06,2.53E+06,3.13E+06,66.9,57.7,,19.71,32.9,23.18,0.703083466,,,,,,,
E133 U+R+S,1,1,0,1,0,,,,,0.44,0.52,0.14,4.40E+06,3.20E+06,8.00E+05,70.3,56.7,50,15.06,23.22,39.8,0.390442891,-1.498178735,-0.985644707,-0.828793173,3.677508242,-0.017417053,2.547449829,-6.058893689
E133 U+S,1,1,0,0,0,4.57500972,10.65500024,11.32999978,26.56000974,0.85,0.77,0.54,8.50E+06,4.80E+06,3.10E+06,72.5,70.5,70.4,3.65,14.95,45.3,0.314213564,-0.614845103,-0.189351252,-0.550042516,3.637494325,1.51752767,3.997473072,-0.260151897
E136 330 LIF+Pro+DMSO,0,0,0,0,0,7.287499999,9.712499488,10.64250032,27.64249981,1,1,1,9.40E+06,9.80E+06,7.00E+06,74.1,78.2,72.4,23.13,27.25,52.8,1.012121212,0.315055935,0.782588977,2.894974984,6.901250966,1.598594268,3.090078815,1.403772673
E136 L,0,0,1,0,0,1.527570837,1.837539634,6.542505701,9.907616172,1.26,0.48,0.64,1.18E+07,4.73E+06,4.50E+06,68,70.9,72,8.02,43.1,21.17,1.077922078,-0.030619235,0.814755483,1.540027269,6.302501844,1.512479747,2.319906907,0.01720929
E136 L+P,0,0,1,0,1,,,,,0.45,0.23,0.29,4.20E+06,2.30E+06,2.00E+06,68,65.3,67.1,39.7,71.2,67.1,0.790277778,0.764685853,1.365132593,3.945045797,5.834989253,1.750177706,3.179988685,2.469885976
E136 L+P+S,0,1,1,0,1,-1.011587974,2.827412574,4.527508284,6.343332884,0.39,,0.42,3.70E+06,,2.95E+06,65.3,69.1,65.7,14.79,47.9,31.76,0.725128205,-0.675765438,0.620117165,-0.965784285,3.872533297,2.067638717,3.150072197,-1.407363571
E136 L+R,0,0,1,1,0,,,,,0.02,,,1.78E+05,,,53.7,,,68.9,,,,,,,,,,
E136 L+R+P,0,0,1,1,1,,,,,0.04,,,4.22E+05,,,68,,,69.9,,,,,,,,,,
E136 L+R+P+S,0,1,1,1,1,,,,,0.03,,,2.67E+05,,,28.2,,,66.9,,,,,,,,,,
E136 L+R+S,0,1,1,1,0,,,,,0.01,,,1.11E+05,,,24.9,,,75.6,,,,,,,,,,
E136 L+S,0,1,1,0,0,0.277389699,4.21746339,6.782500303,11.27735339,0.48,0.46,0.54,4.50E+06,4.50E+06,3.80E+06,65,61.8,64.9,9.66,64.7,29.9,0.299069033,,,,,,,
E136 L+U,1,0,1,0,0,2.092545742,6.392506335,10.30750025,18.79255233,0.41,0.3,0.43,3.87E+06,2.93E+06,3.00E+06,65.2,70.7,64.9,4.96,81.8,27.38,0.880371218,-1.123433941,-0.399730246,0.970117398,4.28251394,1.052415894,1.974896364,-1.248107862
E136 L+U+P,1,0,1,0,1,,,,,0.46,0.27,0.21,4.30E+06,2.67E+06,1.47E+06,63,64.1,70.1,17.51,46.4,79.3,0.789038079,-0.50021788,0.195347598,2.849999259,1.924859999,1.190298792,1.904965719,-0.510457064
E136 L+U+P+S,1,1,1,0,1,,,,,0.44,0.17,,4.10E+06,1.67E+06,,66,62.8,64.2,14.38,27.97,11.34,0.86014911,,,,,,,
E136 L+U+R,1,0,1,1,0,,,,,0.02,,,1.56E+05,,,16.9,,,71.9,,,,,,,,,,
E136 L+U+R+P,1,0,1,1,1,,,,,0.01,,,6.67E+04,,,32.7,,,64.2,,,,,,,,,,
E136 L+U+R+P+S,1,1,1,1,1,,,,,0.02,,,1.56E+05,,,36.8,,,76.6,,,,,,,,,,
E136 L+U+R+S,1,1,1,1,0,,,,,0.01,,,6.67E+04,,,27.8,,,80,,,,,,,,,,
E136 L+U+S,1,1,1,0,0,-0.448114897,4.312519967,7.582503316,11.44690839,0.47,0.54,0.54,4.40E+06,5.30E+06,3.80E+06,2.44,63.5,63.2,13.36,31.11,21.62,0.148899624,-0.739372092,-0.03948829,-2.177881725,2.902459533,2.432424977,2.925049965,-6.158429363
E136 P,0,0,0,0,1,,,,,0.57,0.16,,5.33E+06,1.53E+06,,74.6,71.1,74.2,15.14,80.4,25.63,1.082984434,-0.045431429,0.259423152,2.414947328,4.029982866,-0.125006361,1.674912553,0.804879608
E136 P+S,0,1,0,0,1,0.772307975,4.022456592,8.022500979,12.81726555,0.61,0.24,0.87,5.70E+06,2.40E+06,6.10E+06,69.8,74.2,71.4,11.48,42.4,13.91,0.5883092,-0.486004021,0.064882852,-1.055891201,4.797479962,2.437494091,2.764898123,-0.628162383
E136 R,0,0,0,1,0,1.76256143,3.572525918,6.73749749,12.07258484,0.35,0.67,0.59,3.30E+06,6.60E+06,4.10E+06,68.8,72.5,72.2,9.91,36.06,23.19,0.752961256,0.389566812,0.789937869,1.970117398,3.189982654,1.9800253,1.525066592,0.325386415
E136 R+P,0,0,0,1,1,,,,,0.31,0.41,0.23,2.90E+06,4.07E+06,1.60E+06,66,72.2,71.6,15.93,32.19,50.4,0.865472356,-0.685013515,-0.120294234,0.314986485,2.027507957,0.997834333,1.039840265,-1.10780329
E136 R+P+S,0,1,0,1,1,2.937532721,7.692496943,12.01749988,22.64752954,0.34,0.19,,3.20E+06,1.87E+06,,57.7,67.9,67.3,16.3,24.42,8.67,0.766926214,0.010063683,0.814755483,-0.785875195,3.135042286,1.719840555,2.559981194,-0.659722595
E136 R+S,0,1,0,1,0,-0.74178261,4.547511524,7.677501195,11.48323011,0.3,0.58,0.7,2.87E+06,5.70E+06,4.93E+06,58.4,66.2,66.2,14.84,19.02,22.67,0.333462033,-0.360304767,0.180147861,-0.668868078,1.652601218,2.797428082,2.490056624,0.207892852
E136 S,0,1,0,0,0,,,,,0.65,0.81,0,6.10E+06,7.90E+06,,75.1,73.7,,6.72,14.27,,,,,,,,,
E136 U,1,0,0,0,0,2.327399946,6.287509234,7.622498473,16.23740765,1.06,0.63,0.6,1.00E+07,6.20E+06,4.20E+06,76.4,72.6,,5.45,22.55,20.62,0.581520946,-1.02620507,-0.075520008,0.63505783,4.672481917,1.842375488,2.355016264,-0.696657606
E136 U+P,1,0,0,0,1,,,,,0.52,0.08,,4.93E+06,8.00E+05,,,65.8,,8.47,54.9,,,-0.514573173,0.03562391,-0.270555993,3.829951012,0.410341105,2.12498977,-1.231074664
E136 U+P+S,1,1,0,0,1,,,,,0.57,0.1,,5.33E+06,1.00E+06,,69.3,70.8,,12.02,41.3,,,,,,,,,
E136 U+R,1,0,0,1,0,,,,,0.23,0.35,0.31,2.13E+06,3.40E+06,2.20E+06,69.1,64.9,67.5,20.04,58.7,46.24,0.550507246,-0.968604804,-0.035046947,-0.089267338,1.712375673,2.402449327,1.574828124,-1.717856771
E136 U+R+P,1,0,0,1,1,0.442545456,6.302501844,12.21250003,18.95754733,0.15,0.7,,1.40E+06,6.90E+06,,62.4,64.6,68.5,32,20.32,23.5,0.609557109,,,,,,,
E136 U+R+P+S,1,1,0,1,1,,,,,0.17,,,1.60E+06,,,57.3,63.4,60.1,22.04,24.41,14.43,0.815836526,,,,,,,
E136 U+R+S,1,1,0,1,0,,,,,0.23,0.14,,2.13E+06,1.40E+06,,56.5,62,61.5,25.12,21.79,25.23,0.590038314,,,,,,,
E136 U+S,1,1,0,0,0,2.192509819,10.59750045,6.582495789,19.37250606,0.46,0.57,0.32,4.30E+06,5.60E+06,2.27E+06,72,66.2,60.3,8.83,57.8,30.9,0.322751323,,,,,,,
E140 330 LIF+Pro+DMSO,0,0,0,0,0,4.593353771,7.358334718,8.373335002,20.32502349,1,1,1,1.50E+07,9.60E+06,8.60E+06,69.4,78.3,,40.7,19.89,60.9,1.422705314,-0.206487016,-0.232813632,2.414994991,4.351647514,-0.534862641,1.974961249,0.230522036
E140 L,0,0,1,0,0,2.733354341,5.963335397,6.803330378,15.50002012,0.68,0.85,1.69,1.02E+07,8.20E+06,1.45E+07,76.4,74.3,76,47.6,19.29,16.35,1.947420635,-0.330138266,-0.379824516,2.57248938,0.519688534,-0.267456811,1.402545707,0.072429114
E140 L+P,0,0,1,0,1,-0.30222618,1.238175419,4.24830712,5.184256359,0.59,0.43,0.66,8.80E+06,4.13E+06,5.70E+06,76.2,67.3,73.3,43.4,30.55,47.3,1.234892788,0.059355278,0.024319679,1.640158155,5.084999672,-0.646112164,2.71501475,0.520045024
E140 L+P+S,0,1,1,0,1,-1.407363571,1.118359726,2.893362211,2.604358366,0.5,0.42,0.64,7.50E+06,4.00E+06,5.47E+06,69.3,48.2,65.6,12.14,22.06,27.86,0.630222149,-0.260151897,-0.104697379,-1.029146346,1.079975377,1.299830762,2.95995558,-2.60823228
E140 L+R,0,0,1,1,0,,,,,0.16,0.21,,2.40E+06,2.06E+06,,47.9,63,66.1,53.1,25.47,30.3,0.926262626,0.220329955,0.230203013,0.570462931,0.064882852,0.195347598,1.654893757,-0.590744853
E140 L+R+P,0,0,1,1,1,,,,,0.09,,,1.36E+06,,,46.1,59.4,62.6,26.86,18.9,17.74,0.712766992,0.259423152,0.36960607,-0.125006361,1.919912089,0.304511042,1.750177706,-0.125006361
E140 L+R+P+S,0,1,1,1,1,,,,,0.13,,,1.93E+06,,,39.6,50.3,,27.95,16.46,,,,,,,,,
E140 L+R+S,0,1,1,1,0,,,,,0.12,,,1.73E+06,,,46.8,57.9,53.8,24.21,18.58,17.44,0.53338818,0.175045486,0.029982866,-1.210896782,-3.698997744,0.425459305,1.515005916,-0.560642822
E140 L+S,0,1,1,0,0,0.263034406,4.393347551,7.598335427,12.25471738,0.88,0.61,1.12,1.32E+07,5.90E+06,9.60E+06,63.9,65.3,70,22.12,34.2,25.65,0.517281106,0.35952117,-0.045431429,-0.40545145,4.789990019,0.759581973,3.110029093,-5.878321443
E140 L+U,1,0,1,0,0,2.263334936,7.993334704,5.468322644,15.72499228,0.61,1.15,1.13,9.20E+06,1.10E+07,9.70E+06,70.5,72.2,73.7,21.17,14.12,27.72,1.139067599,-0.887648909,0.015437104,1.997656688,3.175019029,-0.037364853,2.027480659,-1.460585796
E140 L+U+P,1,0,1,0,1,1.32308179,4.733354341,7.408329741,13.46476587,0.48,0.47,0.64,7.20E+06,4.50E+06,5.50E+06,74.4,67,70,15.72,18.13,35.01,1.093045843,-0.899695094,-0.095419565,1.015069322,3.769983263,-0.325539348,2.569977093,-5.878321443
E140 L+U+P+S,1,1,1,0,1,,,,,0.37,0.26,0.24,5.60E+06,2.53E+06,2.06E+06,69.4,68.4,56.9,33.06,25.3,24.72,0.432026144,,,,,,,
E140 L+U+R,1,0,1,1,0,,,,,0.15,,,2.27E+06,,,22.1,51.5,,29.27,13.62,0,,,,,,,,
E140 L+U+R+P,1,0,1,1,1,,,,,0.11,,,1.65E+06,,,24,39.4,,49.7,29.92,,,,,,,,,
E140 L+U+R+P+S,1,1,1,1,1,,,,,0.1,0.13,,1.47E+06,1.20E+06,,31.7,33.4,44.1,36.6,24.93,25.86,0.76042885,,,,,,,
E140 L+U+R+S,1,1,1,1,0,,,,,0.13,,,1.92E+06,,,41.9,34.8,,35.43,33.41,,,,,,,,,
E140 L+U+S,1,1,1,0,0,,,,,0.48,0.77,0.81,7.20E+06,7.40E+06,7.00E+06,67.9,64.6,63.9,9.34,10.7,26.83,0.157859532,0.41467678,1.015069322,-0.045431429,3.945045797,1.719840555,3.985044962,-0.805912948
E140 P,0,0,0,0,1,-0.036525876,2.763411574,3.943358763,6.670244461,0.71,0.3,0.95,1.06E+07,2.90E+06,8.20E+06,63.1,73.4,75.1,27.47,37.8,17.63,1.086111111,-1.418889825,-1.01449957,0.240008965,1.495183478,-0.490050854,0.100304906,-0.305788392
E140 P+S,0,1,0,0,1,-2.244685096,0.018634174,3.593353771,1.367302849,0.56,0.31,0.71,8.40E+06,2.93E+06,6.07E+06,75.1,66.3,74,14.82,0,8.2,0.658730159,-0.444183845,0.045442971,-2.224317298,2.775050541,0.489542936,2.384878704,-0.444183845
E140 R,0,0,0,1,0,-1.190997225,0.38294387,3.478324711,2.670271356,0.32,1.04,0.61,4.80E+06,1.00E+07,5.27E+06,75,73.1,73.2,20.24,9.17,17.89,0.551152551,-0.535331733,-0.12973393,-0.01449957,0.630405471,0.609754962,0.03562391,-0.595096878
E140 R+P,0,0,0,1,1,1.428142391,3.143393419,7.85333451,12.42487032,0.28,0.5,0.64,4.20E+06,4.80E+06,5.50E+06,70.6,64.6,70.3,42.7,10.35,15,0.546405229,-0.619270551,-0.279283757,-0.75389599,1.889862881,0.435095152,0.719840555,-4.10780329
E140 R+P+S,0,1,0,1,1,-2.943416472,-1.621488377,2.233274539,-2.33163031,0.24,0.37,0.36,3.53E+06,3.53E+06,3.07E+06,66.2,63.1,63.6,28.75,17.8,14.11,0.558848266,-0.415037499,-0.045431429,-1.556393349,-2.652901329,1.175045486,1.815165514,-4.717856771
E140 R+S,0,1,0,1,0,-2.64385619,-0.236163541,3.643278996,0.763259265,0.23,1.81,0.34,3.50E+06,1.74E+07,2.93E+06,72.3,72.2,67,33.2,0,16.43,0.466853408,-0.375197235,-0.53951953,-1.639354798,1.344828497,0.449957484,1.794935663,-4.53951953
E140 S,0,1,0,0,0,-0.256700472,2.508428653,4.213347282,6.465075463,1.28,0.52,0.91,1.92E+07,5.00E+06,7.80E+06,73.9,74.2,74.7,13.27,26.6,13.1,0.520297391,-1.621488377,-1.560642822,-2.145605322,1.180147861,0.059355278,0.730313886,-1.446148032
E140 U,1,0,0,0,0,,,,,1.03,1.02,0.81,1.54E+07,9.80E+06,7.00E+06,31.7,75.8,76.3,11.29,17,21.69,1.252472089,-1.064917477,-0.785875195,1.22527493,3.495055528,0.125651102,1.859969548,0.275007047
E140 U+P,1,0,0,0,1,-0.171368418,1.973427598,4.948320504,6.750379684,0.41,0.28,1.14,6.20E+06,2.70E+06,9.80E+06,75.5,71.8,74.1,21.8,46.1,20.81,0.8,,,,,,,
E140 U+P+S,1,1,0,0,1,-1.727379545,2.093222111,5.718334224,6.08417679,0.28,0.66,0.34,4.27E+06,6.33E+06,2.93E+06,75.8,65.9,64.6,13.51,24.71,37.95,0.554482018,-0.024736678,-0.054392297,-1.717856771,1.399991351,1.664937877,3.12498977,-1.573466862
E140 U+R,1,0,0,1,0,-0.870387262,2.118359726,4.728355919,5.976328383,0.46,0.42,0.51,6.90E+06,4.00E+06,4.40E+06,71,73.1,66.3,19.03,28.32,27.22,0.352326685,-0.979942348,-0.490050854,-0.354759487,1.144699025,0.919912089,1.804879608,-1.76611194
E140 U+R+P,1,0,0,1,1,,,,,0.24,0.54,0.23,3.55E+06,5.20E+06,2.00E+06,69.6,66.9,62.6,22.65,17.75,40,0.501388889,-0.66428809,-0.084670324,-0.634867407,0.984771612,0.675364313,2.025028794,-0.375197235
E140 U+R+P+S,1,1,0,1,1,,,,,0.34,0.22,0.24,5.10E+06,2.13E+06,2.06E+06,63.1,60.1,56.9,15.7,11.97,27.65,0.468853695,,,,,,,
E140 U+R+S,1,1,0,1,0,0.018634174,2.27828218,6.673330279,8.970246633,0.3,0.41,0.4,4.53E+06,3.90E+06,3.40E+06,68,64.2,56.3,17.6,20.93,25.45,0.476551227,-0.859875776,-0.59946207,-2.152003093,-0.270555993,1.044743821,2.165107985,-5.64385619
E140 U+S,1,1,0,0,0,-0.407363571,2.248231207,5.493327098,7.334194734,0.72,0.48,0.55,1.08E+07,4.60E+06,4.73E+06,71.9,67.4,68,14.17,9.67,12.25,0.526249883,-0.490050854,-0.560642822,-2.10780329,3.099968417,0.87026607,2.699995744,-5.878321443
E142 330 LIF+Pro+DMSO,0,0,0,0,0,,,,,1,1,1,5.30E+06,1.68E+07,6.60E+06,75.3,76.8,76,22.89,37.6,52.6,1.330442584,-0.436758026,0.207271826,2.387539181,4.487506126,-0.26795028,2.252606174,0.610218225
E142 L,0,0,1,0,0,,,,,0.92,0.39,1.29,4.90E+06,6.60E+06,8.50E+06,74.8,73.1,75.9,67.2,25.78,44.9,1.424541063,-0.380821784,0.334568276,2.120020096,3.164947141,,0.77483976,1.079975377
E142 L+P,0,0,1,0,1,3.382528924,5.627490111,10.09249949,19.10251853,0.5,0.15,0.71,2.65E+06,2.50E+06,4.67E+06,67.8,72.9,72.7,73.6,25.53,81.2,1.291938998,-0.334607229,0.580145484,2.290129465,3.829951012,0.284514133,1.569977093,1.044743821
E142 L+P+S,0,1,1,0,1,0.35952117,7.104997045,10.11499942,17.57951764,0.5,0.18,0.76,2.67E+06,3.00E+06,5.00E+06,69.5,66,65.9,59.1,47.9,28.47,0.503148148,-1.086201035,-0.00433459,-0.816037165,3.169925001,0.9053509,3.52994585,-1.708396442
E142 L+R,0,0,1,1,0,,,,,0.13,,,6.67E+05,,,58,,,62.3,,,,,,,,,,
E142 L+R+P,0,0,1,1,1,,,,,0.12,,,6.22E+05,,,54.2,,,64.3,,,,,,,,,,
E142 L+R+P+S,0,1,1,1,1,,,,,0.07,,,3.56E+05,,,48.4,,,68.4,,,,,,,,,,
E142 L+R+S,0,1,1,1,0,,,,,0.08,,,4.00E+05,,,46.1,,,56.1,,,,,,,,,,
E142 L+S,0,1,1,0,0,-1.461958547,2.215057281,4.740010073,5.493108807,0.92,0.24,1,4.90E+06,4.10E+06,6.60E+06,69.6,71.2,64.5,41.2,27.27,26.5,0.589275362,-0.724992953,0.404903122,-0.606034724,1.974896364,0.864730922,2.689970025,-0.564904848
E142 L+U,1,0,1,0,0,0.942608336,4.492494152,8.582499553,14.01760204,0.39,0.56,0.6,2.05E+06,9.40E+06,3.93E+06,66.6,70.9,63.1,36.1,42.3,38.9,1.140350877,,,,,,,
E142 L+U+P,1,0,1,0,1,0.959770155,5.960001932,8.82000021,15.7397723,0.38,0.19,0.49,2.00E+06,3.27E+06,3.25E+06,70.3,71,67.8,57.2,49,52.1,0.701144165,-1.751465164,-0.50021788,1.855192408,4.515005916,-1.120294234,3.129942384,-1.204233052
E142 L+U+P+S,1,1,1,0,1,,,,,0.34,0.03,,1.80E+06,4.44E+05,,58.4,59.7,,56.9,15.37,,,-0.380821784,0.169925001,-1.960159735,2.129942384,1.324810603,3.445064522,-0.179514657
E142 L+U+R,1,0,1,1,0,,,,,0.11,,,5.78E+05,,,38.5,,,65.6,,,,,,,,,,
E142 L+U+R+P,1,0,1,1,1,,,,,0.42,0,,2.20E+06,6.67E+04,,31.5,37.4,,65.1,53.3,,,,,,,,,
E142 L+U+R+P+S,1,1,1,1,1,,,,,0.16,,,8.50E+05,,,57.2,,,55.4,,,,-0.184424571,-0.790858602,-1.164884385,-2.54793177,-0.15521265,2.260025656,-2.217591435
E142 L+U+R+S,1,1,1,1,0,,,,,,,,,,,33.8,,,,,,,,,,,,,
E142 L+U+S,1,1,1,0,0,-0.395928676,4.394994229,7.410001831,11.40906738,0.39,0.15,0.76,2.07E+06,2.53E+06,5.00E+06,63.8,65.1,61.5,64.4,50.8,29.33,0.37105806,-1.418889825,-0.545824107,-1.110915901,1.255198566,0.979659552,3.63505783,-0.894321922
E142 P,0,0,0,0,1,1.272620455,4.807509488,8.932501195,15.01263114,0.67,0.33,1.08,3.53E+06,5.47E+06,7.13E+06,76.2,74,74.3,53.8,22.7,65.6,1.19094299,-0.334607229,0.425459305,1.420078116,3.120020096,0.63505783,1.605020153,0.449957484
E142 P+S,0,1,0,0,1,0.504874589,5.234999403,7.004995689,12.74486968,0.85,0.24,1.21,4.50E+06,4.00E+06,8.00E+06,70.7,73.4,64.8,37.3,50.4,14.97,0.426736833,-1.064917477,-0.349235441,-1.556393349,3.685043089,1.100304906,3.250052025,-1.564904848
E142 R,0,0,0,1,0,,,,,0.47,0.38,1.68,2.47E+06,6.40E+06,1.11E+07,74.2,76.4,71.1,50.9,21.83,49,0.712081129,-0.434402824,0.12035194,0.964953053,0.504874589,0.504874589,0.630405471,-0.325539348
E142 R+P,0,0,0,1,1,-0.234465254,4.064969052,8.969999447,12.80050325,0.75,0.12,0.76,4.00E+06,2.00E+06,5.00E+06,69.9,71.6,71.2,59.1,67.6,,0.602319902,-1.174621396,-0.089267338,-1.810966176,1.71501475,1.005040617,3.314986485,-1.450084446
E142 R+P+S,0,1,0,1,1,,,,,0.5,0.05,,2.67E+06,8.67E+05,,66.6,64.3,62.7,77.4,28.92,24.64,0.442608696,-1.506352666,-0.724992953,-1.621488377,2.280065486,-0.104697379,2.964953053,-0.954557029
E142 R+S,0,1,0,1,0,,,,,0.72,0.21,1.15,3.80E+06,3.47E+06,7.60E+06,68.6,72.2,69.4,47.9,72.8,18.84,0.494761905,-1.311148256,-0.399730246,-0.694321257,1.985136067,1.21971064,2.430017587,-1.351074441
E142 S,0,1,0,0,0,0.532067552,5.367510855,,,1.26,0.38,1.52,6.70E+06,6.40E+06,1.00E+07,74.2,75.4,74.2,45.1,20.7,23.7,0.568530021,-0.270555993,0.295135249,-0.991369695,2.399991351,1.029982866,1.954940735,0.925239905
E142 U,1,0,0,0,0,0.712815854,6.627504702,10.42250003,17.76282059,0.57,0.67,1.26,3.00E+06,1.12E+07,8.30E+06,73.6,71.6,72.6,37.7,21.09,44,0.653881813,-1.098505545,-0.524915117,1.149909668,3.240008965,0.079975377,1.919912089,0.475084883
E142 U+P,1,0,0,0,1,0.355016264,6.275007047,9.275000061,15.90502337,0.34,0.29,0.38,1.80E+06,4.90E+06,2.53E+06,71.9,72.9,67.6,51.9,37.1,51.1,0.641790124,,,,,,,
E142 U+P+S,1,1,0,0,1,0.094911647,4.009974139,9.375000322,13.47988611,0.57,0.12,0.53,3.00E+06,2.07E+06,3.50E+06,67.3,44.4,65.3,54.7,13.04,33.8,0.258095238,-1.703689439,-1.058893689,-2.244685096,2.410069692,-0.080087911,3.224966365,-2.272297327
E142 U+R,1,0,0,1,0,-0.244685096,5.054978678,10.09999997,14.91029355,0.5,0.23,0.43,2.67E+06,3.80E+06,2.87E+06,67.6,68.1,62.5,45.1,20.7,33.2,0.278238607,-1.862496476,-0.816037165,-0.020340448,1.409798228,0.200378798,2.22002033,-1.395928676
E142 U+R+P,1,0,0,1,1,,,,,0.47,0.05,,2.47E+06,8.00E+05,,69.7,62.4,66,70.9,19.25,24.56,0.320445041,-2.265344567,-1.181149439,-1.703689439,2.614945367,-0.810966176,2.275007047,-1.514573173
E142 U+R+P+S,1,1,0,1,1,,,,,0.36,0.01,,1.93E+06,2.00E+05,,58.5,62.1,,58.1,21.23,,,-0.179514657,0.175045486,-1.473931188,2.674912553,1.664937877,3.110029093,-1.098505545
E142 U+R+S,1,1,0,1,0,1.199750857,7.044995117,9.005001305,17.24974728,0.39,0.1,,2.07E+06,1.60E+06,,59.6,62.1,62,48.8,22.01,13.38,0.499382411,,,,,,,
E142 U+S,1,1,0,0,0,-0.260151897,4.605020153,7.860000598,12.20486885,0.52,0.23,0.91,2.73E+06,3.80E+06,6.00E+06,,69.1,68.8,42.2,29,24.24,0.416120429,,,,,,,
E152 L+U+P+S,1,1,1,0,1,2.006836577,7.896665412,11.16666649,21.07016848,0.871794872,0.18627451,0.336956522,,,,,,,,,,0.433211233,-0.821126042,0.03562391,-0.577766999,1.693319679,-3.251538767,-0.940644722,0.82700601
E152 U+R+P,1,0,0,1,1,-1.518701058,6.101671084,9.881666149,14.46463618,0.974358974,0.156862745,0.25,,,,,,,,,,0.22,,,,,,,
E152 U+R+P+S,1,1,0,1,1,,,,,0.58974359,0.156862745,0.913043478,,,,,,,,,,0.2,-0.780908942,0.03562391,-1.612637459,1.743299528,-0.639354798,-1.03209363,0.257010618
E154 L+U+P,1,0,1,0,1,2.103329777,5.728328707,8.873333368,16.70499185,0.867052023,0.819112628,0.628378378,,,,,,,,,,,,,,,,,
E154 L+U+P+S,1,1,1,0,1,,,,,0.809248555,0.631399317,0.258783784,,,,,,,,,,,,,,,,,
E154 U+R+P+S,1,1,0,1,1,2.22342255,5.653346693,10.823333,18.70010224,0.49132948,0.280064244,0.370531822,,,,,,,,,,,-0.619270551,-0.045431429,-1.329159664,1.649845352,-0.128156351,-0.865121946,0.343692069